Timestamp,Latitude,Longitude,Status
2024-12-02 00:50:50,23.2547,77.4029,No changes detected
2024-12-02 00:50:53,23.2547,77.4029,No changes detected
2024-12-02 00:50:53,23.2547,77.4029,No changes detected
2024-12-02 00:50:53,23.2547,77.4029,No changes detected
2024-12-02 00:50:53,23.2547,77.4029,No changes detected
2024-12-02 00:50:53,23.2547,77.4029,No changes detected
2024-12-02 00:50:53,23.2547,77.4029,No changes detected
2024-12-02 00:50:53,23.2547,77.4029,No changes detected
2024-12-02 00:50:53,23.2547,77.4029,No changes detected
2024-12-02 00:50:53,23.2547,77.4029,No changes detected
2024-12-02 00:50:53,23.2547,77.4029,No changes detected
2024-12-02 00:50:53,23.2547,77.4029,No changes detected
2024-12-02 00:50:53,23.2547,77.4029,No changes detected
2024-12-02 00:50:53,23.2547,77.4029,No changes detected
2024-12-02 00:50:53,23.2547,77.4029,No changes detected
2024-12-02 00:50:53,23.2547,77.4029,No changes detected
2024-12-02 00:50:53,23.2547,77.4029,No changes detected
2024-12-02 00:50:53,23.2547,77.4029,No changes detected
2024-12-02 00:50:53,23.2547,77.4029,No changes detected
2024-12-02 00:50:54,23.2547,77.4029,No changes detected
2024-12-02 00:50:54,23.2547,77.4029,No changes detected
2024-12-02 00:50:54,23.2547,77.4029,No changes detected
2024-12-02 00:50:54,23.2547,77.4029,No changes detected
2024-12-02 00:50:54,23.2547,77.4029,No changes detected
2024-12-02 00:50:54,23.2547,77.4029,No changes detected
2024-12-02 00:50:54,23.2547,77.4029,No changes detected
2024-12-02 00:50:54,23.2547,77.4029,No changes detected
2024-12-02 00:50:54,23.2547,77.4029,No changes detected
2024-12-02 00:50:54,23.2547,77.4029,No changes detected
2024-12-02 00:50:54,23.2547,77.4029,No changes detected
2024-12-02 00:50:54,23.2547,77.4029,No changes detected
2024-12-02 00:50:54,23.2547,77.4029,No changes detected
2024-12-02 00:50:54,23.2547,77.4029,No changes detected
2024-12-02 00:50:54,23.2547,77.4029,No changes detected
2024-12-02 00:50:54,23.2547,77.4029,No changes detected
2024-12-02 00:50:54,23.2547,77.4029,No changes detected
2024-12-02 00:50:54,23.2547,77.4029,No changes detected
2024-12-02 00:50:54,23.2547,77.4029,No changes detected
2024-12-02 00:50:54,23.2547,77.4029,No changes detected
2024-12-02 00:50:54,23.2547,77.4029,No changes detected
2024-12-02 00:50:54,23.2547,77.4029,No changes detected
2024-12-02 00:50:54,23.2547,77.4029,No changes detected
2024-12-02 00:50:54,23.2547,77.4029,No changes detected
2024-12-02 00:50:54,23.2547,77.4029,No changes detected
2024-12-02 00:50:54,23.2547,77.4029,No changes detected
2024-12-02 00:50:54,23.2547,77.4029,No changes detected
2024-12-02 00:50:54,23.2547,77.4029,No changes detected
2024-12-02 00:50:54,23.2547,77.4029,No changes detected
2024-12-02 00:50:54,23.2547,77.4029,No changes detected
2024-12-02 00:50:54,23.2547,77.4029,No changes detected
2024-12-02 00:50:55,23.2547,77.4029,No changes detected
2024-12-02 00:50:55,23.2547,77.4029,No changes detected
2024-12-02 00:50:55,23.2547,77.4029,No changes detected
2024-12-02 00:50:55,23.2547,77.4029,No changes detected
2024-12-02 00:50:55,23.2547,77.4029,No changes detected
2024-12-02 00:50:55,23.2547,77.4029,No changes detected
2024-12-02 00:50:55,23.2547,77.4029,No changes detected
2024-12-02 00:50:55,23.2547,77.4029,No changes detected
2024-12-02 00:50:55,23.2547,77.4029,No changes detected
2024-12-02 00:50:55,23.2547,77.4029,No changes detected
2024-12-02 00:50:55,23.2547,77.4029,No changes detected
2024-12-02 00:50:55,23.2547,77.4029,No changes detected
2024-12-02 00:50:55,23.2547,77.4029,No changes detected
2024-12-02 00:50:55,23.2547,77.4029,No changes detected
2024-12-02 00:50:55,23.2547,77.4029,No changes detected
2024-12-02 00:50:55,23.2547,77.4029,No changes detected
2024-12-02 00:50:55,23.2547,77.4029,No changes detected
2024-12-02 00:50:55,23.2547,77.4029,No changes detected
2024-12-02 00:50:55,23.2547,77.4029,No changes detected
2024-12-02 00:50:55,23.2547,77.4029,No changes detected
2024-12-02 00:50:55,23.2547,77.4029,No changes detected
2024-12-02 00:50:55,23.2547,77.4029,No changes detected
2024-12-02 00:50:55,23.2547,77.4029,No changes detected
2024-12-02 00:50:55,23.2547,77.4029,No changes detected
2024-12-02 00:50:55,23.2547,77.4029,No changes detected
2024-12-02 00:50:55,23.2547,77.4029,No changes detected
2024-12-02 00:50:55,23.2547,77.4029,No changes detected
2024-12-02 00:50:55,23.2547,77.4029,No changes detected
2024-12-02 00:50:55,23.2547,77.4029,No changes detected
2024-12-02 00:50:55,23.2547,77.4029,No changes detected
2024-12-02 00:50:55,23.2547,77.4029,No changes detected
2024-12-02 00:50:56,23.2547,77.4029,No changes detected
2024-12-02 00:50:56,23.2547,77.4029,No changes detected
2024-12-02 00:50:56,23.2547,77.4029,No changes detected
2024-12-02 00:50:56,23.2547,77.4029,No changes detected
2024-12-02 00:50:56,23.2547,77.4029,No changes detected
2024-12-02 00:50:56,23.2547,77.4029,No changes detected
2024-12-02 00:50:56,23.2547,77.4029,Object missing detected
2024-12-02 00:50:56,23.2547,77.4029,Object missing detected
2024-12-02 00:50:56,23.2547,77.4029,Object missing detected
2024-12-02 00:50:56,23.2547,77.4029,Object missing detected
2024-12-02 00:50:56,23.2547,77.4029,No changes detected
2024-12-02 00:50:56,23.2547,77.4029,No changes detected
2024-12-02 00:50:56,23.2547,77.4029,No changes detected
2024-12-02 00:50:56,23.2547,77.4029,No changes detected
2024-12-02 00:50:56,23.2547,77.4029,No changes detected
2024-12-02 00:50:56,23.2547,77.4029,No changes detected
2024-12-02 00:50:56,23.2547,77.4029,No changes detected
2024-12-02 00:50:56,23.2547,77.4029,No changes detected
2024-12-02 00:50:56,23.2547,77.4029,No changes detected
2024-12-02 00:50:56,23.2547,77.4029,No changes detected
2024-12-02 00:50:56,23.2547,77.4029,No changes detected
2024-12-02 00:50:56,23.2547,77.4029,No changes detected
2024-12-02 00:50:56,23.2547,77.4029,No changes detected
2024-12-02 00:50:56,23.2547,77.4029,No changes detected
2024-12-02 00:50:56,23.2547,77.4029,No changes detected
2024-12-02 00:50:56,23.2547,77.4029,No changes detected
2024-12-02 00:50:56,23.2547,77.4029,No changes detected
2024-12-02 00:50:56,23.2547,77.4029,No changes detected
2024-12-02 00:50:56,23.2547,77.4029,No changes detected
2024-12-02 00:50:56,23.2547,77.4029,No changes detected
2024-12-02 00:50:57,23.2547,77.4029,No changes detected
2024-12-02 00:50:57,23.2547,77.4029,No changes detected
2024-12-02 00:50:57,23.2547,77.4029,No changes detected
2024-12-02 00:50:57,23.2547,77.4029,No changes detected
2024-12-02 00:50:57,23.2547,77.4029,No changes detected
2024-12-02 00:50:57,23.2547,77.4029,No changes detected
2024-12-02 00:50:57,23.2547,77.4029,No changes detected
2024-12-02 00:50:57,23.2547,77.4029,No changes detected
2024-12-02 00:50:57,23.2547,77.4029,No changes detected
2024-12-02 00:50:57,23.2547,77.4029,No changes detected
2024-12-02 00:50:57,23.2547,77.4029,No changes detected
2024-12-02 00:50:57,23.2547,77.4029,No changes detected
2024-12-02 00:50:57,23.2547,77.4029,Object missing detected
2024-12-02 00:50:57,23.2547,77.4029,Object missing detected
2024-12-02 00:50:57,23.2547,77.4029,Error: Unable to detect sufficient features in one or both images.
2024-12-02 00:50:57,23.2547,77.4029,Error: Unable to detect sufficient features in one or both images.
2024-12-02 00:50:57,23.2547,77.4029,Error: Unable to detect sufficient features in one or both images.
2024-12-02 00:50:57,23.2547,77.4029,Error: Unable to detect sufficient features in one or both images.
2024-12-02 00:50:57,23.2547,77.4029,Error: Unable to detect sufficient features in one or both images.
2024-12-02 00:50:57,23.2547,77.4029,Error: Unable to detect sufficient features in one or both images.
2024-12-02 00:50:57,23.2547,77.4029,Error: Unable to detect sufficient features in one or both images.
2024-12-02 00:50:57,23.2547,77.4029,Error: Unable to detect sufficient features in one or both images.
2024-12-02 00:50:57,23.2547,77.4029,Error: Unable to detect sufficient features in one or both images.
2024-12-02 00:50:57,23.2547,77.4029,Error: Unable to detect sufficient features in one or both images.
2024-12-02 00:50:57,23.2547,77.4029,Error: Unable to detect sufficient features in one or both images.
2024-12-02 00:50:57,23.2547,77.4029,Error: Unable to detect sufficient features in one or both images.
2024-12-02 00:50:57,23.2547,77.4029,Error: Unable to detect sufficient features in one or both images.
2024-12-02 00:50:57,23.2547,77.4029,Error: Unable to detect sufficient features in one or both images.
2024-12-02 00:50:57,23.2547,77.4029,Object missing detected
2024-12-02 00:50:57,23.2547,77.4029,Object missing detected
2024-12-02 00:50:58,23.2547,77.4029,Object missing detected
2024-12-02 00:50:58,23.2547,77.4029,No changes detected
2024-12-02 00:50:58,23.2547,77.4029,No changes detected
2024-12-02 00:50:58,23.2547,77.4029,Object missing detected
2024-12-02 00:50:58,23.2547,77.4029,No changes detected
2024-12-02 00:50:58,23.2547,77.4029,No changes detected
2024-12-02 00:50:58,23.2547,77.4029,Object missing detected
2024-12-02 00:50:58,23.2547,77.4029,Object missing detected
2024-12-02 00:50:58,23.2547,77.4029,No changes detected
2024-12-02 00:50:58,23.2547,77.4029,No changes detected
2024-12-02 00:50:58,23.2547,77.4029,No changes detected
2024-12-02 00:50:58,23.2547,77.4029,No changes detected
2024-12-02 00:50:58,23.2547,77.4029,No changes detected
2024-12-02 00:50:58,23.2547,77.4029,No changes detected
2024-12-02 00:50:58,23.2547,77.4029,No changes detected
2024-12-02 00:50:58,23.2547,77.4029,No changes detected
2024-12-02 00:50:58,23.2547,77.4029,No changes detected
2024-12-02 00:50:58,23.2547,77.4029,No changes detected
2024-12-02 00:50:58,23.2547,77.4029,No changes detected
2024-12-02 00:50:58,23.2547,77.4029,No changes detected
2024-12-02 00:50:58,23.2547,77.4029,No changes detected
2024-12-02 00:50:58,23.2547,77.4029,No changes detected
2024-12-02 00:50:58,23.2547,77.4029,No changes detected
2024-12-02 00:50:58,23.2547,77.4029,No changes detected
2024-12-02 00:50:58,23.2547,77.4029,No changes detected
2024-12-02 00:50:58,23.2547,77.4029,No changes detected
2024-12-02 00:50:58,23.2547,77.4029,No changes detected
2024-12-02 00:50:58,23.2547,77.4029,No changes detected
2024-12-02 00:50:58,23.2547,77.4029,No changes detected
2024-12-02 00:50:58,23.2547,77.4029,No changes detected
2024-12-02 00:50:59,23.2547,77.4029,No changes detected
2024-12-02 00:50:59,23.2547,77.4029,No changes detected
2024-12-02 00:50:59,23.2547,77.4029,No changes detected
2024-12-02 00:50:59,23.2547,77.4029,No changes detected
2024-12-02 00:50:59,23.2547,77.4029,No changes detected
2024-12-02 00:50:59,23.2547,77.4029,No changes detected
2024-12-02 00:50:59,23.2547,77.4029,No changes detected
2024-12-02 00:50:59,23.2547,77.4029,No changes detected
2024-12-02 00:50:59,23.2547,77.4029,No changes detected
2024-12-02 00:50:59,23.2547,77.4029,No changes detected
2024-12-02 00:50:59,23.2547,77.4029,No changes detected
2024-12-02 00:50:59,23.2547,77.4029,No changes detected
2024-12-02 00:50:59,23.2547,77.4029,No changes detected
2024-12-02 00:50:59,23.2547,77.4029,No changes detected
2024-12-02 00:50:59,23.2547,77.4029,No changes detected
2024-12-02 00:50:59,23.2547,77.4029,No changes detected
2024-12-02 00:50:59,23.2547,77.4029,No changes detected
2024-12-02 00:50:59,23.2547,77.4029,No changes detected
2024-12-02 00:50:59,23.2547,77.4029,No changes detected
2024-12-02 00:50:59,23.2547,77.4029,No changes detected
2024-12-02 00:50:59,23.2547,77.4029,No changes detected
2024-12-02 00:50:59,23.2547,77.4029,No changes detected
2024-12-02 00:50:59,23.2547,77.4029,No changes detected
2024-12-02 00:50:59,23.2547,77.4029,No changes detected
2024-12-02 00:50:59,23.2547,77.4029,No changes detected
2024-12-02 00:50:59,23.2547,77.4029,No changes detected
2024-12-02 00:50:59,23.2547,77.4029,No changes detected
2024-12-02 00:50:59,23.2547,77.4029,No changes detected
2024-12-02 00:50:59,23.2547,77.4029,No changes detected
2024-12-02 00:50:59,23.2547,77.4029,No changes detected
2024-12-02 00:50:59,23.2547,77.4029,No changes detected
2024-12-02 00:51:00,23.2547,77.4029,No changes detected
2024-12-02 00:51:00,23.2547,77.4029,No changes detected
2024-12-02 00:51:00,23.2547,77.4029,No changes detected
2024-12-02 00:51:00,23.2547,77.4029,No changes detected
2024-12-02 00:51:00,23.2547,77.4029,No changes detected
2024-12-02 00:51:00,23.2547,77.4029,No changes detected
2024-12-02 00:51:00,23.2547,77.4029,No changes detected
2024-12-02 00:51:00,23.2547,77.4029,No changes detected
2024-12-02 00:51:00,23.2547,77.4029,No changes detected
2024-12-02 00:51:00,23.2547,77.4029,No changes detected
2024-12-02 00:51:00,23.2547,77.4029,No changes detected
2024-12-02 00:51:00,23.2547,77.4029,No changes detected
2024-12-02 00:51:00,23.2547,77.4029,No changes detected
2024-12-02 00:51:00,23.2547,77.4029,No changes detected
2024-12-02 00:51:00,23.2547,77.4029,No changes detected
2024-12-02 00:51:00,23.2547,77.4029,No changes detected
2024-12-02 00:51:00,23.2547,77.4029,No changes detected
2024-12-02 00:51:00,23.2547,77.4029,No changes detected
2024-12-02 00:51:00,23.2547,77.4029,No changes detected
2024-12-02 00:51:00,23.2547,77.4029,No changes detected
2024-12-02 00:51:00,23.2547,77.4029,No changes detected
2024-12-02 00:51:00,23.2547,77.4029,No changes detected
2024-12-02 00:51:00,23.2547,77.4029,No changes detected
2024-12-02 00:51:00,23.2547,77.4029,No changes detected
2024-12-02 00:51:00,23.2547,77.4029,No changes detected
2024-12-02 00:51:00,23.2547,77.4029,No changes detected
2024-12-02 00:51:00,23.2547,77.4029,No changes detected
2024-12-02 00:51:00,23.2547,77.4029,No changes detected
2024-12-02 00:51:00,23.2547,77.4029,No changes detected
2024-12-02 00:51:01,23.2547,77.4029,No changes detected
2024-12-02 00:51:01,23.2547,77.4029,No changes detected
2024-12-02 00:51:01,23.2547,77.4029,No changes detected
2024-12-02 00:51:01,23.2547,77.4029,No changes detected
2024-12-02 00:51:01,23.2547,77.4029,No changes detected
2024-12-02 00:51:01,23.2547,77.4029,No changes detected
2024-12-02 00:51:01,23.2547,77.4029,No changes detected
2024-12-02 00:51:01,23.2547,77.4029,No changes detected
2024-12-02 00:51:01,23.2547,77.4029,No changes detected
2024-12-02 00:51:01,23.2547,77.4029,No changes detected
2024-12-02 00:51:01,23.2547,77.4029,No changes detected
2024-12-02 00:51:01,23.2547,77.4029,No changes detected
2024-12-02 00:51:01,23.2547,77.4029,No changes detected
2024-12-02 00:51:01,23.2547,77.4029,No changes detected
2024-12-02 00:51:01,23.2547,77.4029,No changes detected
2024-12-02 00:51:01,23.2547,77.4029,No changes detected
2024-12-02 00:51:01,23.2547,77.4029,No changes detected
2024-12-02 00:51:01,23.2547,77.4029,No changes detected
2024-12-02 00:51:01,23.2547,77.4029,No changes detected
2024-12-02 00:51:01,23.2547,77.4029,No changes detected
2024-12-02 00:51:01,23.2547,77.4029,No changes detected
2024-12-02 00:51:01,23.2547,77.4029,No changes detected
2024-12-02 00:51:01,23.2547,77.4029,No changes detected
2024-12-02 00:51:02,23.2547,77.4029,No changes detected
2024-12-02 00:51:02,23.2547,77.4029,No changes detected
2024-12-02 00:51:02,23.2547,77.4029,No changes detected
2024-12-02 00:51:02,23.2547,77.4029,No changes detected
2024-12-02 00:51:02,23.2547,77.4029,No changes detected
2024-12-02 00:51:02,23.2547,77.4029,No changes detected
2024-12-02 00:51:02,23.2547,77.4029,No changes detected
2024-12-02 00:51:02,23.2547,77.4029,No changes detected
2024-12-02 00:51:02,23.2547,77.4029,No changes detected
2024-12-02 00:51:02,23.2547,77.4029,No changes detected
2024-12-02 00:51:02,23.2547,77.4029,No changes detected
2024-12-02 00:51:02,23.2547,77.4029,No changes detected
2024-12-02 00:51:02,23.2547,77.4029,No changes detected
2024-12-02 00:51:02,23.2547,77.4029,No changes detected
2024-12-02 00:51:02,23.2547,77.4029,No changes detected
2024-12-02 00:51:02,23.2547,77.4029,No changes detected
2024-12-02 00:51:02,23.2547,77.4029,No changes detected
2024-12-02 00:51:02,23.2547,77.4029,No changes detected
2024-12-02 00:51:02,23.2547,77.4029,No changes detected
2024-12-02 00:51:02,23.2547,77.4029,No changes detected
2024-12-02 00:51:02,23.2547,77.4029,No changes detected
2024-12-02 00:51:02,23.2547,77.4029,No changes detected
2024-12-02 00:51:02,23.2547,77.4029,No changes detected
2024-12-02 00:51:02,23.2547,77.4029,No changes detected
2024-12-02 00:51:02,23.2547,77.4029,No changes detected
2024-12-02 00:51:02,23.2547,77.4029,No changes detected
2024-12-02 00:51:02,23.2547,77.4029,No changes detected
2024-12-02 00:51:02,23.2547,77.4029,No changes detected
2024-12-02 00:51:02,23.2547,77.4029,No changes detected
2024-12-02 00:51:02,23.2547,77.4029,No changes detected
2024-12-02 00:51:02,23.2547,77.4029,No changes detected
2024-12-02 00:51:03,23.2547,77.4029,No changes detected
2024-12-02 00:51:03,23.2547,77.4029,No changes detected
2024-12-02 00:51:03,23.2547,77.4029,No changes detected
2024-12-02 00:51:03,23.2547,77.4029,No changes detected
2024-12-02 00:51:03,23.2547,77.4029,No changes detected
2024-12-02 00:51:03,23.2547,77.4029,No changes detected
2024-12-02 00:51:03,23.2547,77.4029,No changes detected
2024-12-02 00:51:03,23.2547,77.4029,No changes detected
2024-12-02 00:51:03,23.2547,77.4029,No changes detected
2024-12-02 00:51:03,23.2547,77.4029,No changes detected
2024-12-02 00:51:03,23.2547,77.4029,No changes detected
2024-12-02 00:51:03,23.2547,77.4029,No changes detected
2024-12-02 00:51:03,23.2547,77.4029,No changes detected
2024-12-02 00:51:03,23.2547,77.4029,No changes detected
2024-12-02 00:51:03,23.2547,77.4029,No changes detected
2024-12-02 00:51:03,23.2547,77.4029,No changes detected
2024-12-02 00:51:03,23.2547,77.4029,No changes detected
2024-12-02 00:51:03,23.2547,77.4029,No changes detected
2024-12-02 00:51:03,23.2547,77.4029,No changes detected
2024-12-02 00:51:03,23.2547,77.4029,No changes detected
2024-12-02 00:51:03,23.2547,77.4029,No changes detected
2024-12-02 00:51:03,23.2547,77.4029,No changes detected
2024-12-02 00:51:03,23.2547,77.4029,No changes detected
2024-12-02 00:51:03,23.2547,77.4029,No changes detected
2024-12-02 00:51:03,23.2547,77.4029,No changes detected
2024-12-02 00:51:03,23.2547,77.4029,No changes detected
2024-12-02 00:51:03,23.2547,77.4029,No changes detected
2024-12-02 00:51:03,23.2547,77.4029,No changes detected
2024-12-02 00:51:03,23.2547,77.4029,No changes detected
2024-12-02 00:51:03,23.2547,77.4029,No changes detected
2024-12-02 00:51:03,23.2547,77.4029,No changes detected
2024-12-02 00:51:04,23.2547,77.4029,No changes detected
2024-12-02 00:51:04,23.2547,77.4029,No changes detected
2024-12-02 00:51:04,23.2547,77.4029,No changes detected
2024-12-02 00:51:04,23.2547,77.4029,No changes detected
2024-12-02 00:51:04,23.2547,77.4029,No changes detected
2024-12-02 00:51:04,23.2547,77.4029,No changes detected
2024-12-02 00:51:04,23.2547,77.4029,No changes detected
2024-12-02 00:51:04,23.2547,77.4029,No changes detected
2024-12-02 00:51:04,23.2547,77.4029,No changes detected
2024-12-02 00:51:04,23.2547,77.4029,No changes detected
2024-12-02 00:51:04,23.2547,77.4029,No changes detected
2024-12-02 00:51:04,23.2547,77.4029,No changes detected
2024-12-02 00:51:04,23.2547,77.4029,No changes detected
2024-12-02 00:51:04,23.2547,77.4029,No changes detected
2024-12-02 00:51:04,23.2547,77.4029,No changes detected
2024-12-02 00:51:04,23.2547,77.4029,No changes detected
2024-12-02 00:51:04,23.2547,77.4029,No changes detected
2024-12-02 00:51:04,23.2547,77.4029,No changes detected
2024-12-02 00:51:04,23.2547,77.4029,No changes detected
2024-12-02 00:51:04,23.2547,77.4029,No changes detected
2024-12-02 00:51:04,23.2547,77.4029,No changes detected
2024-12-02 00:51:04,23.2547,77.4029,No changes detected
2024-12-02 00:51:04,23.2547,77.4029,No changes detected
2024-12-02 00:51:04,23.2547,77.4029,No changes detected
2024-12-02 00:51:04,23.2547,77.4029,No changes detected
2024-12-02 00:51:04,23.2547,77.4029,No changes detected
2024-12-02 00:51:04,23.2547,77.4029,No changes detected
2024-12-02 00:51:04,23.2547,77.4029,No changes detected
2024-12-02 00:51:04,23.2547,77.4029,No changes detected
2024-12-02 00:51:05,23.2547,77.4029,No changes detected
2024-12-02 00:51:05,23.2547,77.4029,No changes detected
2024-12-02 00:51:05,23.2547,77.4029,No changes detected
2024-12-02 00:51:05,23.2547,77.4029,No changes detected
2024-12-02 00:51:05,23.2547,77.4029,No changes detected
2024-12-02 00:51:05,23.2547,77.4029,No changes detected
2024-12-02 00:51:05,23.2547,77.4029,No changes detected
2024-12-02 00:51:05,23.2547,77.4029,No changes detected
2024-12-02 00:51:05,23.2547,77.4029,No changes detected
2024-12-02 00:51:05,23.2547,77.4029,No changes detected
2024-12-02 00:51:05,23.2547,77.4029,No changes detected
2024-12-02 00:51:05,23.2547,77.4029,No changes detected
2024-12-02 00:51:05,23.2547,77.4029,No changes detected
2024-12-02 00:51:05,23.2547,77.4029,No changes detected
2024-12-02 00:51:05,23.2547,77.4029,No changes detected
2024-12-02 00:51:05,23.2547,77.4029,No changes detected
2024-12-02 00:51:05,23.2547,77.4029,No changes detected
2024-12-02 00:51:05,23.2547,77.4029,No changes detected
2024-12-02 00:51:05,23.2547,77.4029,No changes detected
2024-12-02 00:51:05,23.2547,77.4029,No changes detected
2024-12-02 00:51:05,23.2547,77.4029,No changes detected
2024-12-02 00:51:05,23.2547,77.4029,No changes detected
2024-12-02 00:51:05,23.2547,77.4029,No changes detected
2024-12-02 00:51:05,23.2547,77.4029,No changes detected
2024-12-02 00:51:05,23.2547,77.4029,No changes detected
2024-12-02 00:51:05,23.2547,77.4029,No changes detected
2024-12-02 00:51:05,23.2547,77.4029,No changes detected
2024-12-02 00:51:05,23.2547,77.4029,No changes detected
2024-12-02 00:51:05,23.2547,77.4029,No changes detected
2024-12-02 00:51:05,23.2547,77.4029,No changes detected
2024-12-02 00:51:05,23.2547,77.4029,No changes detected
2024-12-02 00:51:06,23.2547,77.4029,No changes detected
2024-12-02 00:51:06,23.2547,77.4029,No changes detected
2024-12-02 00:51:06,23.2547,77.4029,No changes detected
2024-12-02 00:51:06,23.2547,77.4029,No changes detected
2024-12-02 00:51:06,23.2547,77.4029,No changes detected
2024-12-02 00:51:06,23.2547,77.4029,No changes detected
2024-12-02 00:51:06,23.2547,77.4029,No changes detected
2024-12-02 00:51:06,23.2547,77.4029,No changes detected
2024-12-02 00:51:06,23.2547,77.4029,No changes detected
2024-12-02 00:51:06,23.2547,77.4029,No changes detected
2024-12-02 00:51:06,23.2547,77.4029,No changes detected
2024-12-02 00:51:06,23.2547,77.4029,No changes detected
2024-12-02 00:51:06,23.2547,77.4029,No changes detected
2024-12-02 00:51:06,23.2547,77.4029,No changes detected
2024-12-02 00:51:06,23.2547,77.4029,No changes detected
2024-12-02 00:51:06,23.2547,77.4029,No changes detected
2024-12-02 00:51:06,23.2547,77.4029,No changes detected
2024-12-02 00:51:06,23.2547,77.4029,No changes detected
2024-12-02 00:51:06,23.2547,77.4029,No changes detected
2024-12-02 00:51:06,23.2547,77.4029,No changes detected
2024-12-02 00:51:06,23.2547,77.4029,No changes detected
2024-12-02 00:51:06,23.2547,77.4029,No changes detected
2024-12-02 00:51:06,23.2547,77.4029,No changes detected
2024-12-02 00:51:06,23.2547,77.4029,No changes detected
2024-12-02 00:51:06,23.2547,77.4029,No changes detected
2024-12-02 00:51:06,23.2547,77.4029,No changes detected
2024-12-02 00:51:06,23.2547,77.4029,No changes detected
2024-12-02 00:51:06,23.2547,77.4029,No changes detected
2024-12-02 00:51:06,23.2547,77.4029,No changes detected
2024-12-02 00:51:06,23.2547,77.4029,No changes detected
2024-12-02 00:51:07,23.2547,77.4029,No changes detected
2024-12-02 00:51:07,23.2547,77.4029,No changes detected
2024-12-02 00:51:07,23.2547,77.4029,No changes detected
2024-12-02 00:51:07,23.2547,77.4029,No changes detected
2024-12-02 00:51:07,23.2547,77.4029,No changes detected
2024-12-02 00:51:07,23.2547,77.4029,No changes detected
2024-12-02 00:51:07,23.2547,77.4029,No changes detected
2024-12-02 00:51:07,23.2547,77.4029,No changes detected
2024-12-02 00:51:07,23.2547,77.4029,No changes detected
2024-12-02 00:51:07,23.2547,77.4029,No changes detected
2024-12-02 00:51:07,23.2547,77.4029,No changes detected
2024-12-02 00:51:07,23.2547,77.4029,No changes detected
2024-12-02 00:51:07,23.2547,77.4029,No changes detected
2024-12-02 00:51:07,23.2547,77.4029,No changes detected
2024-12-02 00:51:07,23.2547,77.4029,No changes detected
2024-12-02 00:51:07,23.2547,77.4029,No changes detected
2024-12-02 00:51:07,23.2547,77.4029,No changes detected
2024-12-02 00:51:07,23.2547,77.4029,No changes detected
2024-12-02 00:51:07,23.2547,77.4029,No changes detected
2024-12-02 00:51:07,23.2547,77.4029,No changes detected
2024-12-02 00:51:07,23.2547,77.4029,No changes detected
2024-12-02 00:51:07,23.2547,77.4029,No changes detected
2024-12-02 00:51:07,23.2547,77.4029,No changes detected
2024-12-02 00:51:07,23.2547,77.4029,No changes detected
2024-12-02 00:51:07,23.2547,77.4029,No changes detected
2024-12-02 00:51:08,23.2547,77.4029,No changes detected
2024-12-02 00:51:08,23.2547,77.4029,No changes detected
2024-12-02 00:51:08,23.2547,77.4029,No changes detected
2024-12-02 00:51:08,23.2547,77.4029,No changes detected
2024-12-02 00:51:08,23.2547,77.4029,No changes detected
2024-12-02 00:51:08,23.2547,77.4029,No changes detected
2024-12-02 00:51:08,23.2547,77.4029,No changes detected
2024-12-02 00:51:08,23.2547,77.4029,No changes detected
2024-12-02 00:51:08,23.2547,77.4029,No changes detected
2024-12-02 00:51:08,23.2547,77.4029,No changes detected
2024-12-02 00:51:08,23.2547,77.4029,No changes detected
2024-12-02 00:51:08,23.2547,77.4029,No changes detected
2024-12-02 00:51:08,23.2547,77.4029,No changes detected
2024-12-02 00:51:08,23.2547,77.4029,No changes detected
2024-12-02 00:51:08,23.2547,77.4029,No changes detected
2024-12-02 00:51:08,23.2547,77.4029,No changes detected
2024-12-02 00:51:08,23.2547,77.4029,No changes detected
2024-12-02 00:51:08,23.2547,77.4029,No changes detected
2024-12-02 00:51:08,23.2547,77.4029,No changes detected
2024-12-02 00:51:08,23.2547,77.4029,No changes detected
2024-12-02 00:51:08,23.2547,77.4029,No changes detected
2024-12-02 00:51:08,23.2547,77.4029,No changes detected
2024-12-02 00:51:08,23.2547,77.4029,No changes detected
2024-12-02 00:51:08,23.2547,77.4029,No changes detected
2024-12-02 00:51:08,23.2547,77.4029,No changes detected
2024-12-02 00:51:08,23.2547,77.4029,No changes detected
2024-12-02 00:51:08,23.2547,77.4029,No changes detected
2024-12-02 00:51:08,23.2547,77.4029,No changes detected
2024-12-02 00:51:08,23.2547,77.4029,No changes detected
2024-12-02 00:51:08,23.2547,77.4029,No changes detected
2024-12-02 00:51:08,23.2547,77.4029,No changes detected
2024-12-02 00:51:09,23.2547,77.4029,No changes detected
2024-12-02 00:51:09,23.2547,77.4029,No changes detected
2024-12-02 00:51:09,23.2547,77.4029,No changes detected
2024-12-02 00:51:09,23.2547,77.4029,No changes detected
2024-12-02 00:51:09,23.2547,77.4029,No changes detected
2024-12-02 00:51:09,23.2547,77.4029,No changes detected
2024-12-02 00:51:09,23.2547,77.4029,No changes detected
2024-12-02 00:51:09,23.2547,77.4029,No changes detected
2024-12-02 00:51:09,23.2547,77.4029,No changes detected
2024-12-02 00:51:09,23.2547,77.4029,No changes detected
2024-12-02 00:51:09,23.2547,77.4029,No changes detected
2024-12-02 00:51:09,23.2547,77.4029,No changes detected
2024-12-02 00:51:09,23.2547,77.4029,No changes detected
2024-12-02 00:51:09,23.2547,77.4029,No changes detected
2024-12-02 00:51:09,23.2547,77.4029,No changes detected
2024-12-02 00:51:09,23.2547,77.4029,No changes detected
2024-12-02 00:51:09,23.2547,77.4029,No changes detected
2024-12-02 00:51:09,23.2547,77.4029,No changes detected
2024-12-02 00:51:09,23.2547,77.4029,No changes detected
2024-12-02 00:51:09,23.2547,77.4029,No changes detected
2024-12-02 00:51:09,23.2547,77.4029,No changes detected
2024-12-02 00:51:09,23.2547,77.4029,No changes detected
2024-12-02 00:51:09,23.2547,77.4029,No changes detected
2024-12-02 00:51:09,23.2547,77.4029,No changes detected
2024-12-02 00:51:09,23.2547,77.4029,No changes detected
2024-12-02 00:51:09,23.2547,77.4029,No changes detected
2024-12-02 00:51:09,23.2547,77.4029,No changes detected
2024-12-02 00:51:09,23.2547,77.4029,No changes detected
2024-12-02 00:51:09,23.2547,77.4029,No changes detected
2024-12-02 00:51:09,23.2547,77.4029,No changes detected
2024-12-02 00:51:10,23.2547,77.4029,No changes detected
2024-12-02 00:51:10,23.2547,77.4029,No changes detected
2024-12-02 00:51:10,23.2547,77.4029,No changes detected
2024-12-02 00:51:10,23.2547,77.4029,No changes detected
2024-12-02 00:51:10,23.2547,77.4029,No changes detected
2024-12-02 00:51:10,23.2547,77.4029,No changes detected
2024-12-02 00:51:10,23.2547,77.4029,No changes detected
2024-12-02 00:51:10,23.2547,77.4029,No changes detected
2024-12-02 00:51:10,23.2547,77.4029,No changes detected
2024-12-02 00:51:10,23.2547,77.4029,No changes detected
2024-12-02 00:51:10,23.2547,77.4029,No changes detected
2024-12-02 00:51:10,23.2547,77.4029,No changes detected
2024-12-02 00:51:10,23.2547,77.4029,No changes detected
2024-12-02 00:51:10,23.2547,77.4029,No changes detected
2024-12-02 00:51:10,23.2547,77.4029,No changes detected
2024-12-02 00:51:10,23.2547,77.4029,No changes detected
2024-12-02 00:51:10,23.2547,77.4029,No changes detected
2024-12-02 00:51:10,23.2547,77.4029,No changes detected
2024-12-02 00:51:10,23.2547,77.4029,No changes detected
2024-12-02 00:51:10,23.2547,77.4029,No changes detected
2024-12-02 00:51:10,23.2547,77.4029,No changes detected
2024-12-02 00:51:10,23.2547,77.4029,No changes detected
2024-12-02 00:51:10,23.2547,77.4029,No changes detected
2024-12-02 00:51:10,23.2547,77.4029,No changes detected
2024-12-02 00:51:10,23.2547,77.4029,No changes detected
2024-12-02 00:51:10,23.2547,77.4029,No changes detected
2024-12-02 00:51:10,23.2547,77.4029,No changes detected
2024-12-02 00:51:10,23.2547,77.4029,No changes detected
2024-12-02 00:51:10,23.2547,77.4029,No changes detected
2024-12-02 00:51:10,23.2547,77.4029,No changes detected
2024-12-02 00:51:11,23.2547,77.4029,No changes detected
2024-12-02 00:51:11,23.2547,77.4029,No changes detected
2024-12-02 00:51:11,23.2547,77.4029,No changes detected
2024-12-02 00:51:11,23.2547,77.4029,No changes detected
2024-12-02 00:51:11,23.2547,77.4029,No changes detected
2024-12-02 00:51:11,23.2547,77.4029,No changes detected
2024-12-02 00:51:11,23.2547,77.4029,No changes detected
2024-12-02 00:51:11,23.2547,77.4029,No changes detected
2024-12-02 00:51:11,23.2547,77.4029,No changes detected
2024-12-02 00:51:11,23.2547,77.4029,No changes detected
2024-12-02 00:51:11,23.2547,77.4029,No changes detected
2024-12-02 00:51:11,23.2547,77.4029,No changes detected
2024-12-02 00:51:11,23.2547,77.4029,No changes detected
2024-12-02 00:51:11,23.2547,77.4029,No changes detected
2024-12-02 00:51:11,23.2547,77.4029,No changes detected
2024-12-02 00:51:11,23.2547,77.4029,No changes detected
2024-12-02 00:51:11,23.2547,77.4029,No changes detected
2024-12-02 00:51:11,23.2547,77.4029,No changes detected
2024-12-02 00:51:11,23.2547,77.4029,No changes detected
2024-12-02 00:51:11,23.2547,77.4029,No changes detected
2024-12-02 00:51:11,23.2547,77.4029,No changes detected
2024-12-02 00:51:11,23.2547,77.4029,No changes detected
2024-12-02 00:51:11,23.2547,77.4029,No changes detected
2024-12-02 00:51:11,23.2547,77.4029,No changes detected
2024-12-02 00:51:11,23.2547,77.4029,No changes detected
2024-12-02 00:51:11,23.2547,77.4029,No changes detected
2024-12-02 00:51:11,23.2547,77.4029,No changes detected
2024-12-02 00:51:11,23.2547,77.4029,No changes detected
2024-12-02 00:51:11,23.2547,77.4029,No changes detected
2024-12-02 00:51:11,23.2547,77.4029,No changes detected
2024-12-02 00:51:12,23.2547,77.4029,No changes detected
2024-12-02 00:51:12,23.2547,77.4029,No changes detected
2024-12-02 00:51:12,23.2547,77.4029,No changes detected
2024-12-02 00:51:12,23.2547,77.4029,No changes detected
2024-12-02 00:51:12,23.2547,77.4029,No changes detected
2024-12-02 00:51:12,23.2547,77.4029,No changes detected
2024-12-02 00:51:12,23.2547,77.4029,No changes detected
2024-12-02 00:51:12,23.2547,77.4029,No changes detected
2024-12-02 00:51:12,23.2547,77.4029,No changes detected
2024-12-02 00:51:12,23.2547,77.4029,No changes detected
2024-12-02 00:51:12,23.2547,77.4029,No changes detected
2024-12-02 00:51:12,23.2547,77.4029,No changes detected
2024-12-02 00:51:12,23.2547,77.4029,No changes detected
2024-12-02 00:51:12,23.2547,77.4029,No changes detected
2024-12-02 00:51:12,23.2547,77.4029,No changes detected
2024-12-02 00:51:12,23.2547,77.4029,No changes detected
2024-12-02 00:51:12,23.2547,77.4029,No changes detected
2024-12-02 00:51:12,23.2547,77.4029,No changes detected
2024-12-02 00:51:12,23.2547,77.4029,No changes detected
2024-12-02 00:51:12,23.2547,77.4029,No changes detected
2024-12-02 00:51:12,23.2547,77.4029,No changes detected
2024-12-02 00:51:12,23.2547,77.4029,No changes detected
2024-12-02 00:51:12,23.2547,77.4029,No changes detected
2024-12-02 00:51:12,23.2547,77.4029,No changes detected
2024-12-02 00:51:12,23.2547,77.4029,No changes detected
2024-12-02 00:51:12,23.2547,77.4029,No changes detected
2024-12-02 00:51:12,23.2547,77.4029,No changes detected
2024-12-02 00:51:12,23.2547,77.4029,No changes detected
2024-12-02 00:51:12,23.2547,77.4029,No changes detected
2024-12-02 00:51:12,23.2547,77.4029,No changes detected
2024-12-02 00:51:12,23.2547,77.4029,No changes detected
2024-12-02 00:51:13,23.2547,77.4029,No changes detected
2024-12-02 00:51:13,23.2547,77.4029,No changes detected
2024-12-02 00:51:13,23.2547,77.4029,No changes detected
2024-12-02 00:51:13,23.2547,77.4029,No changes detected
2024-12-02 00:51:13,23.2547,77.4029,No changes detected
2024-12-02 00:51:13,23.2547,77.4029,No changes detected
2024-12-02 00:51:13,23.2547,77.4029,No changes detected
2024-12-02 00:51:13,23.2547,77.4029,No changes detected
2024-12-02 00:51:13,23.2547,77.4029,No changes detected
2024-12-02 00:51:13,23.2547,77.4029,No changes detected
2024-12-02 00:51:13,23.2547,77.4029,No changes detected
2024-12-02 00:51:13,23.2547,77.4029,No changes detected
2024-12-02 00:51:13,23.2547,77.4029,No changes detected
2024-12-02 00:51:13,23.2547,77.4029,No changes detected
2024-12-02 00:51:13,23.2547,77.4029,No changes detected
2024-12-02 00:51:13,23.2547,77.4029,No changes detected
2024-12-02 00:51:13,23.2547,77.4029,No changes detected
2024-12-02 00:51:13,23.2547,77.4029,No changes detected
2024-12-02 00:51:13,23.2547,77.4029,No changes detected
2024-12-02 00:51:13,23.2547,77.4029,No changes detected
2024-12-02 00:51:13,23.2547,77.4029,No changes detected
2024-12-02 00:51:13,23.2547,77.4029,No changes detected
2024-12-02 00:51:13,23.2547,77.4029,No changes detected
2024-12-02 00:51:13,23.2547,77.4029,No changes detected
2024-12-02 00:51:13,23.2547,77.4029,No changes detected
2024-12-02 00:51:13,23.2547,77.4029,No changes detected
2024-12-02 00:51:13,23.2547,77.4029,No changes detected
2024-12-02 00:51:13,23.2547,77.4029,No changes detected
2024-12-02 00:51:13,23.2547,77.4029,No changes detected
2024-12-02 00:51:14,23.2547,77.4029,No changes detected
2024-12-02 00:51:14,23.2547,77.4029,No changes detected
2024-12-02 00:51:14,23.2547,77.4029,No changes detected
2024-12-02 00:51:14,23.2547,77.4029,No changes detected
2024-12-02 00:51:14,23.2547,77.4029,No changes detected
2024-12-02 00:51:14,23.2547,77.4029,No changes detected
2024-12-02 00:51:14,23.2547,77.4029,No changes detected
2024-12-02 00:51:14,23.2547,77.4029,No changes detected
2024-12-02 00:51:14,23.2547,77.4029,No changes detected
2024-12-02 00:51:14,23.2547,77.4029,No changes detected
2024-12-02 00:51:14,23.2547,77.4029,No changes detected
2024-12-02 00:51:14,23.2547,77.4029,No changes detected
2024-12-02 00:51:14,23.2547,77.4029,No changes detected
2024-12-02 00:51:14,23.2547,77.4029,No changes detected
2024-12-02 00:51:14,23.2547,77.4029,No changes detected
2024-12-02 00:51:14,23.2547,77.4029,No changes detected
2024-12-02 00:51:14,23.2547,77.4029,No changes detected
2024-12-02 00:51:14,23.2547,77.4029,No changes detected
2024-12-02 00:51:14,23.2547,77.4029,No changes detected
2024-12-02 00:51:14,23.2547,77.4029,No changes detected
2024-12-02 00:51:14,23.2547,77.4029,No changes detected
2024-12-02 00:51:14,23.2547,77.4029,No changes detected
2024-12-02 00:51:14,23.2547,77.4029,No changes detected
2024-12-02 00:51:14,23.2547,77.4029,No changes detected
2024-12-02 00:51:14,23.2547,77.4029,No changes detected
2024-12-02 00:51:14,23.2547,77.4029,No changes detected
2024-12-02 00:51:14,23.2547,77.4029,No changes detected
2024-12-02 00:51:14,23.2547,77.4029,No changes detected
2024-12-02 00:51:14,23.2547,77.4029,No changes detected
2024-12-02 00:51:14,23.2547,77.4029,No changes detected
2024-12-02 00:51:14,23.2547,77.4029,No changes detected
2024-12-02 00:51:15,23.2547,77.4029,No changes detected
2024-12-02 00:51:15,23.2547,77.4029,No changes detected
2024-12-02 00:51:15,23.2547,77.4029,No changes detected
2024-12-02 00:51:15,23.2547,77.4029,No changes detected
2024-12-02 00:51:15,23.2547,77.4029,No changes detected
2024-12-02 00:51:15,23.2547,77.4029,No changes detected
2024-12-02 00:51:15,23.2547,77.4029,No changes detected
2024-12-02 00:51:15,23.2547,77.4029,No changes detected
2024-12-02 00:51:15,23.2547,77.4029,No changes detected
2024-12-02 00:51:15,23.2547,77.4029,No changes detected
2024-12-02 00:51:15,23.2547,77.4029,No changes detected
2024-12-02 00:51:15,23.2547,77.4029,No changes detected
2024-12-02 00:51:15,23.2547,77.4029,No changes detected
2024-12-02 00:51:15,23.2547,77.4029,No changes detected
2024-12-02 00:51:15,23.2547,77.4029,No changes detected
2024-12-02 00:51:15,23.2547,77.4029,No changes detected
2024-12-02 00:51:15,23.2547,77.4029,No changes detected
2024-12-02 00:51:15,23.2547,77.4029,No changes detected
2024-12-02 00:51:15,23.2547,77.4029,No changes detected
2024-12-02 00:51:15,23.2547,77.4029,No changes detected
2024-12-02 00:51:15,23.2547,77.4029,No changes detected
2024-12-02 00:51:15,23.2547,77.4029,No changes detected
2024-12-02 00:51:15,23.2547,77.4029,No changes detected
2024-12-02 00:51:15,23.2547,77.4029,No changes detected
2024-12-02 00:51:15,23.2547,77.4029,No changes detected
2024-12-02 00:51:15,23.2547,77.4029,No changes detected
2024-12-02 00:51:15,23.2547,77.4029,No changes detected
2024-12-02 00:51:15,23.2547,77.4029,No changes detected
2024-12-02 00:51:16,23.2547,77.4029,No changes detected
2024-12-02 00:51:16,23.2547,77.4029,No changes detected
2024-12-02 00:51:16,23.2547,77.4029,No changes detected
2024-12-02 00:51:16,23.2547,77.4029,No changes detected
2024-12-02 00:51:16,23.2547,77.4029,No changes detected
2024-12-02 00:51:16,23.2547,77.4029,No changes detected
2024-12-02 00:51:16,23.2547,77.4029,No changes detected
2024-12-02 00:51:16,23.2547,77.4029,No changes detected
2024-12-02 00:51:16,23.2547,77.4029,No changes detected
2024-12-02 00:51:16,23.2547,77.4029,No changes detected
2024-12-02 00:51:16,23.2547,77.4029,No changes detected
2024-12-02 00:51:16,23.2547,77.4029,No changes detected
2024-12-02 00:51:16,23.2547,77.4029,No changes detected
2024-12-02 00:51:16,23.2547,77.4029,No changes detected
2024-12-02 00:51:16,23.2547,77.4029,No changes detected
2024-12-02 00:51:16,23.2547,77.4029,No changes detected
2024-12-02 00:51:16,23.2547,77.4029,No changes detected
2024-12-02 00:51:16,23.2547,77.4029,No changes detected
2024-12-02 00:51:16,23.2547,77.4029,No changes detected
2024-12-02 00:51:16,23.2547,77.4029,No changes detected
2024-12-02 00:51:16,23.2547,77.4029,No changes detected
2024-12-02 00:51:16,23.2547,77.4029,No changes detected
2024-12-02 00:51:16,23.2547,77.4029,No changes detected
2024-12-02 00:51:16,23.2547,77.4029,No changes detected
2024-12-02 00:51:16,23.2547,77.4029,No changes detected
2024-12-02 00:51:16,23.2547,77.4029,No changes detected
2024-12-02 00:51:16,23.2547,77.4029,No changes detected
2024-12-02 00:51:16,23.2547,77.4029,No changes detected
2024-12-02 00:51:16,23.2547,77.4029,No changes detected
2024-12-02 00:51:16,23.2547,77.4029,No changes detected
2024-12-02 00:51:17,23.2547,77.4029,No changes detected
2024-12-02 00:51:17,23.2547,77.4029,No changes detected
2024-12-02 00:51:17,23.2547,77.4029,No changes detected
2024-12-02 00:51:17,23.2547,77.4029,No changes detected
2024-12-02 00:51:17,23.2547,77.4029,No changes detected
2024-12-02 00:51:17,23.2547,77.4029,No changes detected
2024-12-02 00:51:17,23.2547,77.4029,No changes detected
2024-12-02 00:51:17,23.2547,77.4029,No changes detected
2024-12-02 00:51:17,23.2547,77.4029,No changes detected
2024-12-02 00:51:17,23.2547,77.4029,No changes detected
2024-12-02 00:51:17,23.2547,77.4029,No changes detected
2024-12-02 00:51:17,23.2547,77.4029,No changes detected
2024-12-02 00:51:17,23.2547,77.4029,No changes detected
2024-12-02 00:51:17,23.2547,77.4029,No changes detected
2024-12-02 00:51:17,23.2547,77.4029,No changes detected
2024-12-02 00:51:17,23.2547,77.4029,No changes detected
2024-12-02 00:51:17,23.2547,77.4029,No changes detected
2024-12-02 00:51:17,23.2547,77.4029,No changes detected
2024-12-02 00:51:17,23.2547,77.4029,No changes detected
2024-12-02 00:51:17,23.2547,77.4029,No changes detected
2024-12-02 00:51:17,23.2547,77.4029,No changes detected
2024-12-02 00:51:17,23.2547,77.4029,No changes detected
2024-12-02 00:51:17,23.2547,77.4029,No changes detected
2024-12-02 00:51:17,23.2547,77.4029,No changes detected
2024-12-02 00:51:17,23.2547,77.4029,No changes detected
2024-12-02 00:51:17,23.2547,77.4029,No changes detected
2024-12-02 00:51:17,23.2547,77.4029,No changes detected
2024-12-02 00:51:17,23.2547,77.4029,No changes detected
2024-12-02 00:51:17,23.2547,77.4029,No changes detected
2024-12-02 00:51:17,23.2547,77.4029,No changes detected
2024-12-02 00:51:18,23.2547,77.4029,No changes detected
2024-12-02 00:51:18,23.2547,77.4029,No changes detected
2024-12-02 00:51:18,23.2547,77.4029,No changes detected
2024-12-02 00:51:18,23.2547,77.4029,No changes detected
2024-12-02 00:51:18,23.2547,77.4029,No changes detected
2024-12-02 00:51:18,23.2547,77.4029,No changes detected
2024-12-02 00:51:18,23.2547,77.4029,No changes detected
2024-12-02 00:51:18,23.2547,77.4029,No changes detected
2024-12-02 00:51:18,23.2547,77.4029,No changes detected
2024-12-02 00:51:18,23.2547,77.4029,No changes detected
2024-12-02 00:51:18,23.2547,77.4029,No changes detected
2024-12-02 00:51:18,23.2547,77.4029,No changes detected
2024-12-02 00:51:18,23.2547,77.4029,No changes detected
2024-12-02 00:51:18,23.2547,77.4029,No changes detected
2024-12-02 00:51:18,23.2547,77.4029,No changes detected
2024-12-02 00:51:18,23.2547,77.4029,No changes detected
2024-12-02 00:51:18,23.2547,77.4029,No changes detected
2024-12-02 00:51:18,23.2547,77.4029,No changes detected
2024-12-02 00:51:18,23.2547,77.4029,No changes detected
2024-12-02 00:51:18,23.2547,77.4029,No changes detected
2024-12-02 00:51:18,23.2547,77.4029,No changes detected
2024-12-02 00:51:18,23.2547,77.4029,No changes detected
2024-12-02 00:51:18,23.2547,77.4029,No changes detected
2024-12-02 00:51:18,23.2547,77.4029,No changes detected
2024-12-02 00:51:18,23.2547,77.4029,No changes detected
2024-12-02 00:51:18,23.2547,77.4029,No changes detected
2024-12-02 00:51:18,23.2547,77.4029,No changes detected
2024-12-02 00:51:18,23.2547,77.4029,No changes detected
2024-12-02 00:51:18,23.2547,77.4029,No changes detected
2024-12-02 00:51:18,23.2547,77.4029,No changes detected
2024-12-02 00:51:19,23.2547,77.4029,No changes detected
2024-12-02 00:51:19,23.2547,77.4029,No changes detected
2024-12-02 00:51:19,23.2547,77.4029,No changes detected
2024-12-02 00:51:19,23.2547,77.4029,No changes detected
2024-12-02 00:51:19,23.2547,77.4029,No changes detected
2024-12-02 00:51:19,23.2547,77.4029,No changes detected
2024-12-02 00:51:19,23.2547,77.4029,No changes detected
2024-12-02 00:51:19,23.2547,77.4029,No changes detected
2024-12-02 00:51:19,23.2547,77.4029,No changes detected
2024-12-02 00:51:19,23.2547,77.4029,No changes detected
2024-12-02 00:51:19,23.2547,77.4029,No changes detected
2024-12-02 00:51:19,23.2547,77.4029,No changes detected
2024-12-02 00:51:19,23.2547,77.4029,No changes detected
2024-12-02 00:51:19,23.2547,77.4029,No changes detected
2024-12-02 00:51:19,23.2547,77.4029,No changes detected
2024-12-02 00:51:19,23.2547,77.4029,No changes detected
2024-12-02 00:51:19,23.2547,77.4029,No changes detected
2024-12-02 00:51:19,23.2547,77.4029,No changes detected
2024-12-02 00:51:19,23.2547,77.4029,No changes detected
2024-12-02 00:51:19,23.2547,77.4029,No changes detected
2024-12-02 00:51:19,23.2547,77.4029,No changes detected
2024-12-02 00:51:19,23.2547,77.4029,No changes detected
2024-12-02 00:51:19,23.2547,77.4029,No changes detected
2024-12-02 00:51:19,23.2547,77.4029,No changes detected
2024-12-02 00:51:19,23.2547,77.4029,No changes detected
2024-12-02 00:51:19,23.2547,77.4029,No changes detected
2024-12-02 00:51:19,23.2547,77.4029,No changes detected
2024-12-02 00:51:19,23.2547,77.4029,No changes detected
2024-12-02 00:51:19,23.2547,77.4029,No changes detected
2024-12-02 00:51:20,23.2547,77.4029,No changes detected
2024-12-02 00:51:20,23.2547,77.4029,No changes detected
2024-12-02 00:51:20,23.2547,77.4029,No changes detected
2024-12-02 00:51:20,23.2547,77.4029,No changes detected
2024-12-02 00:51:20,23.2547,77.4029,No changes detected
2024-12-02 00:51:20,23.2547,77.4029,No changes detected
2024-12-02 00:51:20,23.2547,77.4029,No changes detected
2024-12-02 00:51:20,23.2547,77.4029,No changes detected
2024-12-02 00:51:20,23.2547,77.4029,No changes detected
2024-12-02 00:51:20,23.2547,77.4029,No changes detected
2024-12-02 00:51:20,23.2547,77.4029,No changes detected
2024-12-02 00:51:20,23.2547,77.4029,No changes detected
2024-12-02 00:51:20,23.2547,77.4029,No changes detected
2024-12-02 00:51:20,23.2547,77.4029,No changes detected
2024-12-02 00:51:20,23.2547,77.4029,No changes detected
2024-12-02 00:51:20,23.2547,77.4029,No changes detected
2024-12-02 00:51:20,23.2547,77.4029,No changes detected
2024-12-02 00:51:20,23.2547,77.4029,No changes detected
2024-12-02 00:51:20,23.2547,77.4029,No changes detected
2024-12-02 00:51:20,23.2547,77.4029,No changes detected
2024-12-02 00:51:20,23.2547,77.4029,No changes detected
2024-12-02 00:51:20,23.2547,77.4029,No changes detected
2024-12-02 00:51:20,23.2547,77.4029,No changes detected
2024-12-02 00:51:20,23.2547,77.4029,No changes detected
2024-12-02 00:51:20,23.2547,77.4029,No changes detected
2024-12-02 00:51:20,23.2547,77.4029,No changes detected
2024-12-02 00:51:20,23.2547,77.4029,No changes detected
2024-12-02 00:51:20,23.2547,77.4029,No changes detected
2024-12-02 00:51:20,23.2547,77.4029,No changes detected
2024-12-02 00:51:20,23.2547,77.4029,No changes detected
2024-12-02 00:51:20,23.2547,77.4029,No changes detected
2024-12-02 00:51:21,23.2547,77.4029,No changes detected
2024-12-02 00:51:21,23.2547,77.4029,No changes detected
2024-12-02 00:51:21,23.2547,77.4029,No changes detected
2024-12-02 00:51:21,23.2547,77.4029,No changes detected
2024-12-02 00:51:21,23.2547,77.4029,No changes detected
2024-12-02 00:51:21,23.2547,77.4029,No changes detected
2024-12-02 00:51:21,23.2547,77.4029,No changes detected
2024-12-02 00:51:21,23.2547,77.4029,No changes detected
2024-12-02 00:51:21,23.2547,77.4029,No changes detected
2024-12-02 00:51:21,23.2547,77.4029,No changes detected
2024-12-02 00:51:21,23.2547,77.4029,No changes detected
2024-12-02 00:51:21,23.2547,77.4029,No changes detected
2024-12-02 00:51:21,23.2547,77.4029,No changes detected
2024-12-02 00:51:21,23.2547,77.4029,No changes detected
2024-12-02 00:51:21,23.2547,77.4029,No changes detected
2024-12-02 00:51:21,23.2547,77.4029,No changes detected
2024-12-02 00:51:22,23.2547,77.4029,No changes detected
2024-12-02 00:51:22,23.2547,77.4029,No changes detected
2024-12-02 00:51:22,23.2547,77.4029,No changes detected
2024-12-02 00:51:22,23.2547,77.4029,No changes detected
2024-12-02 00:51:22,23.2547,77.4029,No changes detected
2024-12-02 00:51:22,23.2547,77.4029,No changes detected
2024-12-02 00:51:22,23.2547,77.4029,No changes detected
2024-12-02 00:51:22,23.2547,77.4029,No changes detected
2024-12-02 00:51:22,23.2547,77.4029,No changes detected
2024-12-02 00:51:22,23.2547,77.4029,No changes detected
2024-12-02 00:51:22,23.2547,77.4029,No changes detected
2024-12-02 00:51:22,23.2547,77.4029,No changes detected
2024-12-02 00:51:22,23.2547,77.4029,No changes detected
2024-12-02 00:51:22,23.2547,77.4029,No changes detected
2024-12-02 00:51:23,23.2547,77.4029,No changes detected
2024-12-02 00:51:23,23.2547,77.4029,No changes detected
2024-12-02 00:51:23,23.2547,77.4029,No changes detected
2024-12-02 00:51:23,23.2547,77.4029,No changes detected
2024-12-02 00:51:23,23.2547,77.4029,No changes detected
2024-12-02 00:51:23,23.2547,77.4029,No changes detected
2024-12-02 00:51:23,23.2547,77.4029,No changes detected
2024-12-02 00:51:23,23.2547,77.4029,No changes detected
2024-12-02 00:51:23,23.2547,77.4029,No changes detected
2024-12-02 00:51:24,23.2547,77.4029,No changes detected
2024-12-02 00:51:24,23.2547,77.4029,No changes detected
2024-12-02 00:51:24,23.2547,77.4029,No changes detected
2024-12-02 00:51:24,23.2547,77.4029,No changes detected
2024-12-02 00:51:24,23.2547,77.4029,No changes detected
2024-12-02 00:51:24,23.2547,77.4029,No changes detected
2024-12-02 00:51:24,23.2547,77.4029,No changes detected
2024-12-02 00:51:24,23.2547,77.4029,No changes detected
2024-12-02 00:51:25,23.2547,77.4029,No changes detected
2024-12-02 00:51:25,23.2547,77.4029,No changes detected
2024-12-02 00:51:25,23.2547,77.4029,No changes detected
2024-12-02 00:51:25,23.2547,77.4029,No changes detected
2024-12-02 00:51:25,23.2547,77.4029,No changes detected
2024-12-02 00:51:25,23.2547,77.4029,No changes detected
2024-12-02 00:51:25,23.2547,77.4029,No changes detected
2024-12-02 00:51:25,23.2547,77.4029,No changes detected
2024-12-02 00:51:25,23.2547,77.4029,No changes detected
2024-12-02 00:51:26,23.2547,77.4029,No changes detected
2024-12-02 00:51:26,23.2547,77.4029,No changes detected
2024-12-02 00:51:26,23.2547,77.4029,No changes detected
2024-12-02 00:51:26,23.2547,77.4029,No changes detected
2024-12-02 00:51:26,23.2547,77.4029,No changes detected
2024-12-02 00:51:26,23.2547,77.4029,No changes detected
2024-12-02 00:51:26,23.2547,77.4029,No changes detected
2024-12-02 00:51:26,23.2547,77.4029,No changes detected
2024-12-02 00:51:26,23.2547,77.4029,No changes detected
2024-12-02 00:51:26,23.2547,77.4029,No changes detected
2024-12-02 00:51:26,23.2547,77.4029,No changes detected
2024-12-02 00:51:26,23.2547,77.4029,No changes detected
2024-12-02 00:51:26,23.2547,77.4029,No changes detected
2024-12-02 00:51:26,23.2547,77.4029,No changes detected
2024-12-02 00:51:26,23.2547,77.4029,No changes detected
2024-12-02 00:51:26,23.2547,77.4029,No changes detected
2024-12-02 00:51:26,23.2547,77.4029,No changes detected
2024-12-02 00:51:26,23.2547,77.4029,No changes detected
2024-12-02 00:51:26,23.2547,77.4029,No changes detected
2024-12-02 00:51:26,23.2547,77.4029,No changes detected
2024-12-02 00:51:26,23.2547,77.4029,No changes detected
2024-12-02 00:51:26,23.2547,77.4029,No changes detected
2024-12-02 00:51:26,23.2547,77.4029,No changes detected
2024-12-02 00:51:26,23.2547,77.4029,No changes detected
2024-12-02 00:51:26,23.2547,77.4029,No changes detected
2024-12-02 00:51:26,23.2547,77.4029,No changes detected
2024-12-02 00:51:26,23.2547,77.4029,No changes detected
2024-12-02 00:51:26,23.2547,77.4029,No changes detected
2024-12-02 00:51:26,23.2547,77.4029,No changes detected
2024-12-02 00:51:27,23.2547,77.4029,No changes detected
2024-12-02 00:51:27,23.2547,77.4029,No changes detected
2024-12-02 00:51:27,23.2547,77.4029,No changes detected
2024-12-02 00:51:27,23.2547,77.4029,No changes detected
2024-12-02 00:51:27,23.2547,77.4029,No changes detected
2024-12-02 00:51:27,23.2547,77.4029,No changes detected
2024-12-02 00:51:27,23.2547,77.4029,No changes detected
2024-12-02 00:51:27,23.2547,77.4029,No changes detected
2024-12-02 00:51:27,23.2547,77.4029,No changes detected
2024-12-02 00:51:27,23.2547,77.4029,No changes detected
2024-12-02 00:51:27,23.2547,77.4029,No changes detected
2024-12-02 00:51:27,23.2547,77.4029,No changes detected
2024-12-02 00:51:27,23.2547,77.4029,No changes detected
2024-12-02 00:51:27,23.2547,77.4029,No changes detected
2024-12-02 00:51:27,23.2547,77.4029,No changes detected
2024-12-02 00:51:27,23.2547,77.4029,No changes detected
2024-12-02 00:51:27,23.2547,77.4029,No changes detected
2024-12-02 00:51:27,23.2547,77.4029,No changes detected
2024-12-02 00:51:27,23.2547,77.4029,No changes detected
2024-12-02 00:51:27,23.2547,77.4029,No changes detected
2024-12-02 00:51:27,23.2547,77.4029,No changes detected
2024-12-02 00:51:27,23.2547,77.4029,No changes detected
2024-12-02 00:51:27,23.2547,77.4029,No changes detected
2024-12-02 00:51:27,23.2547,77.4029,No changes detected
2024-12-02 00:51:27,23.2547,77.4029,No changes detected
2024-12-02 00:51:27,23.2547,77.4029,No changes detected
2024-12-02 00:51:27,23.2547,77.4029,No changes detected
2024-12-02 00:51:27,23.2547,77.4029,No changes detected
2024-12-02 00:51:27,23.2547,77.4029,No changes detected
2024-12-02 00:51:27,23.2547,77.4029,No changes detected
2024-12-02 00:51:28,23.2547,77.4029,No changes detected
2024-12-02 00:51:28,23.2547,77.4029,No changes detected
2024-12-02 00:51:28,23.2547,77.4029,No changes detected
2024-12-02 00:51:28,23.2547,77.4029,No changes detected
2024-12-02 00:51:28,23.2547,77.4029,No changes detected
2024-12-02 00:51:28,23.2547,77.4029,No changes detected
2024-12-02 00:51:28,23.2547,77.4029,No changes detected
2024-12-02 00:51:28,23.2547,77.4029,No changes detected
2024-12-02 00:51:28,23.2547,77.4029,No changes detected
2024-12-02 00:51:28,23.2547,77.4029,No changes detected
2024-12-02 00:51:28,23.2547,77.4029,No changes detected
2024-12-02 00:51:28,23.2547,77.4029,No changes detected
2024-12-02 00:51:28,23.2547,77.4029,No changes detected
2024-12-02 00:51:28,23.2547,77.4029,No changes detected
2024-12-02 00:51:28,23.2547,77.4029,No changes detected
2024-12-02 00:51:28,23.2547,77.4029,No changes detected
2024-12-02 00:51:28,23.2547,77.4029,No changes detected
2024-12-02 00:51:28,23.2547,77.4029,No changes detected
2024-12-02 00:51:28,23.2547,77.4029,No changes detected
2024-12-02 00:51:28,23.2547,77.4029,No changes detected
2024-12-02 00:51:28,23.2547,77.4029,No changes detected
2024-12-02 00:51:28,23.2547,77.4029,No changes detected
2024-12-02 00:51:28,23.2547,77.4029,No changes detected
2024-12-02 00:51:28,23.2547,77.4029,No changes detected
2024-12-02 00:51:28,23.2547,77.4029,No changes detected
2024-12-02 00:51:28,23.2547,77.4029,No changes detected
2024-12-02 00:51:28,23.2547,77.4029,No changes detected
2024-12-02 00:51:28,23.2547,77.4029,No changes detected
2024-12-02 00:51:28,23.2547,77.4029,No changes detected
2024-12-02 00:51:29,23.2547,77.4029,No changes detected
2024-12-02 00:51:29,23.2547,77.4029,No changes detected
2024-12-02 00:51:29,23.2547,77.4029,No changes detected
2024-12-02 00:51:29,23.2547,77.4029,No changes detected
2024-12-02 00:51:29,23.2547,77.4029,No changes detected
2024-12-02 00:51:29,23.2547,77.4029,No changes detected
2024-12-02 00:51:29,23.2547,77.4029,No changes detected
2024-12-02 00:51:29,23.2547,77.4029,No changes detected
2024-12-02 00:51:29,23.2547,77.4029,No changes detected
2024-12-02 00:51:29,23.2547,77.4029,No changes detected
2024-12-02 00:51:29,23.2547,77.4029,No changes detected
2024-12-02 00:51:29,23.2547,77.4029,No changes detected
2024-12-02 00:51:29,23.2547,77.4029,No changes detected
2024-12-02 00:51:29,23.2547,77.4029,No changes detected
2024-12-02 00:51:29,23.2547,77.4029,No changes detected
2024-12-02 00:51:29,23.2547,77.4029,No changes detected
2024-12-02 00:51:29,23.2547,77.4029,No changes detected
2024-12-02 00:51:29,23.2547,77.4029,No changes detected
2024-12-02 00:51:29,23.2547,77.4029,No changes detected
2024-12-02 00:51:29,23.2547,77.4029,No changes detected
2024-12-02 00:51:29,23.2547,77.4029,No changes detected
2024-12-02 00:51:29,23.2547,77.4029,No changes detected
2024-12-02 00:51:29,23.2547,77.4029,No changes detected
2024-12-02 00:51:29,23.2547,77.4029,No changes detected
2024-12-02 00:51:29,23.2547,77.4029,No changes detected
2024-12-02 00:51:29,23.2547,77.4029,No changes detected
2024-12-02 00:51:29,23.2547,77.4029,No changes detected
2024-12-02 00:51:29,23.2547,77.4029,No changes detected
2024-12-02 00:51:29,23.2547,77.4029,No changes detected
2024-12-02 00:51:29,23.2547,77.4029,No changes detected
2024-12-02 00:51:29,23.2547,77.4029,No changes detected
2024-12-02 00:51:29,23.2547,77.4029,No changes detected
2024-12-02 00:51:30,23.2547,77.4029,No changes detected
2024-12-02 00:51:30,23.2547,77.4029,No changes detected
2024-12-02 00:51:30,23.2547,77.4029,No changes detected
2024-12-02 00:51:30,23.2547,77.4029,No changes detected
2024-12-02 00:51:30,23.2547,77.4029,No changes detected
2024-12-02 00:51:30,23.2547,77.4029,No changes detected
2024-12-02 00:51:30,23.2547,77.4029,No changes detected
2024-12-02 00:51:30,23.2547,77.4029,No changes detected
2024-12-02 00:51:30,23.2547,77.4029,No changes detected
2024-12-02 00:51:30,23.2547,77.4029,No changes detected
2024-12-02 00:51:30,23.2547,77.4029,No changes detected
2024-12-02 00:51:30,23.2547,77.4029,No changes detected
2024-12-02 00:51:30,23.2547,77.4029,No changes detected
2024-12-02 00:51:30,23.2547,77.4029,No changes detected
2024-12-02 00:51:30,23.2547,77.4029,No changes detected
2024-12-02 00:51:30,23.2547,77.4029,No changes detected
2024-12-02 00:51:30,23.2547,77.4029,No changes detected
2024-12-02 00:51:30,23.2547,77.4029,No changes detected
2024-12-02 00:51:30,23.2547,77.4029,No changes detected
2024-12-02 00:51:30,23.2547,77.4029,No changes detected
2024-12-02 00:51:30,23.2547,77.4029,No changes detected
2024-12-02 00:51:30,23.2547,77.4029,No changes detected
2024-12-02 00:51:30,23.2547,77.4029,No changes detected
2024-12-02 00:51:30,23.2547,77.4029,No changes detected
2024-12-02 00:51:30,23.2547,77.4029,No changes detected
2024-12-02 00:51:30,23.2547,77.4029,No changes detected
2024-12-02 00:51:30,23.2547,77.4029,No changes detected
2024-12-02 00:51:30,23.2547,77.4029,No changes detected
2024-12-02 00:51:30,23.2547,77.4029,No changes detected
2024-12-02 00:51:31,23.2547,77.4029,No changes detected
2024-12-02 00:51:31,23.2547,77.4029,No changes detected
2024-12-02 00:51:31,23.2547,77.4029,No changes detected
2024-12-02 00:51:31,23.2547,77.4029,No changes detected
2024-12-02 00:51:31,23.2547,77.4029,No changes detected
2024-12-02 00:51:31,23.2547,77.4029,No changes detected
2024-12-02 00:51:31,23.2547,77.4029,No changes detected
2024-12-02 00:51:31,23.2547,77.4029,No changes detected
2024-12-02 00:51:31,23.2547,77.4029,No changes detected
2024-12-02 00:51:31,23.2547,77.4029,No changes detected
2024-12-02 00:51:31,23.2547,77.4029,No changes detected
2024-12-02 00:51:31,23.2547,77.4029,No changes detected
2024-12-02 00:51:31,23.2547,77.4029,No changes detected
2024-12-02 00:51:31,23.2547,77.4029,No changes detected
2024-12-02 00:51:31,23.2547,77.4029,No changes detected
2024-12-02 00:51:31,23.2547,77.4029,No changes detected
2024-12-02 00:51:31,23.2547,77.4029,No changes detected
2024-12-02 00:51:31,23.2547,77.4029,No changes detected
2024-12-02 00:51:31,23.2547,77.4029,No changes detected
2024-12-02 00:51:31,23.2547,77.4029,No changes detected
2024-12-02 00:51:31,23.2547,77.4029,No changes detected
2024-12-02 00:51:31,23.2547,77.4029,No changes detected
2024-12-02 00:51:31,23.2547,77.4029,No changes detected
2024-12-02 00:51:31,23.2547,77.4029,No changes detected
2024-12-02 00:51:31,23.2547,77.4029,No changes detected
2024-12-02 00:51:31,23.2547,77.4029,No changes detected
2024-12-02 00:51:32,23.2547,77.4029,No changes detected
2024-12-02 00:51:32,23.2547,77.4029,No changes detected
2024-12-02 00:51:32,23.2547,77.4029,No changes detected
2024-12-02 00:51:32,23.2547,77.4029,No changes detected
2024-12-02 00:51:32,23.2547,77.4029,No changes detected
2024-12-02 00:51:32,23.2547,77.4029,No changes detected
2024-12-02 00:51:32,23.2547,77.4029,No changes detected
2024-12-02 00:51:32,23.2547,77.4029,No changes detected
2024-12-02 00:51:32,23.2547,77.4029,No changes detected
2024-12-02 00:51:32,23.2547,77.4029,No changes detected
2024-12-02 00:51:32,23.2547,77.4029,No changes detected
2024-12-02 00:51:32,23.2547,77.4029,No changes detected
2024-12-02 00:51:32,23.2547,77.4029,No changes detected
2024-12-02 00:51:32,23.2547,77.4029,No changes detected
2024-12-02 00:51:32,23.2547,77.4029,No changes detected
2024-12-02 00:51:32,23.2547,77.4029,No changes detected
2024-12-02 00:51:32,23.2547,77.4029,No changes detected
2024-12-02 00:51:32,23.2547,77.4029,No changes detected
2024-12-02 00:51:32,23.2547,77.4029,No changes detected
2024-12-02 00:51:32,23.2547,77.4029,No changes detected
2024-12-02 00:51:32,23.2547,77.4029,No changes detected
2024-12-02 00:51:32,23.2547,77.4029,No changes detected
2024-12-02 00:51:33,23.2547,77.4029,No changes detected
2024-12-02 00:51:33,23.2547,77.4029,No changes detected
2024-12-02 00:51:33,23.2547,77.4029,No changes detected
2024-12-02 00:51:33,23.2547,77.4029,No changes detected
2024-12-02 00:51:33,23.2547,77.4029,No changes detected
2024-12-02 00:51:33,23.2547,77.4029,No changes detected
2024-12-02 00:51:33,23.2547,77.4029,No changes detected
2024-12-02 00:51:33,23.2547,77.4029,No changes detected
2024-12-02 00:51:33,23.2547,77.4029,No changes detected
2024-12-02 00:51:33,23.2547,77.4029,No changes detected
2024-12-02 00:51:33,23.2547,77.4029,No changes detected
2024-12-02 00:51:33,23.2547,77.4029,No changes detected
2024-12-02 00:51:33,23.2547,77.4029,No changes detected
2024-12-02 00:51:33,23.2547,77.4029,No changes detected
2024-12-02 00:51:33,23.2547,77.4029,No changes detected
2024-12-02 00:51:33,23.2547,77.4029,No changes detected
2024-12-02 00:51:33,23.2547,77.4029,No changes detected
2024-12-02 00:51:33,23.2547,77.4029,No changes detected
2024-12-02 00:51:33,23.2547,77.4029,No changes detected
2024-12-02 00:51:33,23.2547,77.4029,No changes detected
2024-12-02 00:51:33,23.2547,77.4029,No changes detected
2024-12-02 00:51:33,23.2547,77.4029,No changes detected
2024-12-02 00:51:33,23.2547,77.4029,No changes detected
2024-12-02 00:51:33,23.2547,77.4029,No changes detected
2024-12-02 00:51:33,23.2547,77.4029,No changes detected
2024-12-02 00:51:33,23.2547,77.4029,No changes detected
2024-12-02 00:51:33,23.2547,77.4029,No changes detected
2024-12-02 00:51:33,23.2547,77.4029,No changes detected
2024-12-02 00:51:33,23.2547,77.4029,No changes detected
2024-12-02 00:51:33,23.2547,77.4029,No changes detected
2024-12-02 00:51:34,23.2547,77.4029,No changes detected
2024-12-02 00:51:34,23.2547,77.4029,No changes detected
2024-12-02 00:51:34,23.2547,77.4029,No changes detected
2024-12-02 00:51:34,23.2547,77.4029,No changes detected
2024-12-02 00:51:34,23.2547,77.4029,No changes detected
2024-12-02 00:51:34,23.2547,77.4029,No changes detected
2024-12-02 00:51:34,23.2547,77.4029,No changes detected
2024-12-02 00:51:34,23.2547,77.4029,No changes detected
2024-12-02 00:51:34,23.2547,77.4029,No changes detected
2024-12-02 00:51:34,23.2547,77.4029,No changes detected
2024-12-02 00:51:34,23.2547,77.4029,No changes detected
2024-12-02 00:51:34,23.2547,77.4029,No changes detected
2024-12-02 00:51:34,23.2547,77.4029,No changes detected
2024-12-02 00:51:34,23.2547,77.4029,No changes detected
2024-12-02 00:51:34,23.2547,77.4029,No changes detected
2024-12-02 00:51:34,23.2547,77.4029,No changes detected
2024-12-02 00:51:34,23.2547,77.4029,No changes detected
2024-12-02 00:51:34,23.2547,77.4029,No changes detected
2024-12-02 00:51:34,23.2547,77.4029,No changes detected
2024-12-02 00:51:34,23.2547,77.4029,No changes detected
2024-12-02 00:51:34,23.2547,77.4029,No changes detected
2024-12-02 00:51:34,23.2547,77.4029,No changes detected
2024-12-02 00:51:34,23.2547,77.4029,No changes detected
2024-12-02 00:51:34,23.2547,77.4029,No changes detected
2024-12-02 00:51:34,23.2547,77.4029,No changes detected
2024-12-02 00:51:34,23.2547,77.4029,No changes detected
2024-12-02 00:51:34,23.2547,77.4029,No changes detected
2024-12-02 00:51:34,23.2547,77.4029,No changes detected
2024-12-02 00:51:34,23.2547,77.4029,No changes detected
2024-12-02 00:51:34,23.2547,77.4029,No changes detected
2024-12-02 00:51:35,23.2547,77.4029,No changes detected
2024-12-02 00:51:35,23.2547,77.4029,No changes detected
2024-12-02 00:51:35,23.2547,77.4029,No changes detected
2024-12-02 00:51:35,23.2547,77.4029,No changes detected
2024-12-02 00:51:35,23.2547,77.4029,No changes detected
2024-12-02 00:51:35,23.2547,77.4029,No changes detected
2024-12-02 00:51:35,23.2547,77.4029,No changes detected
2024-12-02 00:51:35,23.2547,77.4029,No changes detected
2024-12-02 00:51:35,23.2547,77.4029,No changes detected
2024-12-02 00:51:35,23.2547,77.4029,No changes detected
2024-12-02 00:51:35,23.2547,77.4029,No changes detected
2024-12-02 00:51:35,23.2547,77.4029,No changes detected
2024-12-02 00:51:35,23.2547,77.4029,No changes detected
2024-12-02 00:51:35,23.2547,77.4029,No changes detected
2024-12-02 00:51:35,23.2547,77.4029,No changes detected
2024-12-02 00:51:35,23.2547,77.4029,No changes detected
2024-12-02 00:51:35,23.2547,77.4029,No changes detected
2024-12-02 00:51:35,23.2547,77.4029,No changes detected
2024-12-02 00:51:35,23.2547,77.4029,No changes detected
2024-12-02 00:51:35,23.2547,77.4029,No changes detected
2024-12-02 00:51:35,23.2547,77.4029,No changes detected
2024-12-02 00:51:35,23.2547,77.4029,No changes detected
2024-12-02 00:51:35,23.2547,77.4029,No changes detected
2024-12-02 00:51:35,23.2547,77.4029,No changes detected
2024-12-02 00:51:35,23.2547,77.4029,No changes detected
2024-12-02 00:51:35,23.2547,77.4029,No changes detected
2024-12-02 00:51:35,23.2547,77.4029,No changes detected
2024-12-02 00:51:35,23.2547,77.4029,No changes detected
2024-12-02 00:51:35,23.2547,77.4029,No changes detected
2024-12-02 00:51:35,23.2547,77.4029,No changes detected
2024-12-02 00:51:36,23.2547,77.4029,No changes detected
2024-12-02 00:51:36,23.2547,77.4029,No changes detected
2024-12-02 00:51:36,23.2547,77.4029,No changes detected
2024-12-02 00:51:36,23.2547,77.4029,No changes detected
2024-12-02 00:51:36,23.2547,77.4029,No changes detected
2024-12-02 00:51:36,23.2547,77.4029,No changes detected
2024-12-02 00:51:36,23.2547,77.4029,No changes detected
2024-12-02 00:51:36,23.2547,77.4029,No changes detected
2024-12-02 00:51:36,23.2547,77.4029,No changes detected
2024-12-02 00:51:36,23.2547,77.4029,No changes detected
2024-12-02 00:51:36,23.2547,77.4029,No changes detected
2024-12-02 00:51:36,23.2547,77.4029,No changes detected
2024-12-02 00:51:36,23.2547,77.4029,No changes detected
2024-12-02 00:51:36,23.2547,77.4029,No changes detected
2024-12-02 00:51:36,23.2547,77.4029,No changes detected
2024-12-02 00:51:36,23.2547,77.4029,No changes detected
2024-12-02 00:51:36,23.2547,77.4029,No changes detected
2024-12-02 00:51:36,23.2547,77.4029,No changes detected
2024-12-02 00:51:36,23.2547,77.4029,No changes detected
2024-12-02 00:51:36,23.2547,77.4029,No changes detected
2024-12-02 00:51:36,23.2547,77.4029,No changes detected
2024-12-02 00:51:36,23.2547,77.4029,No changes detected
2024-12-02 00:51:36,23.2547,77.4029,No changes detected
2024-12-02 00:51:36,23.2547,77.4029,No changes detected
2024-12-02 00:51:36,23.2547,77.4029,No changes detected
2024-12-02 00:51:36,23.2547,77.4029,No changes detected
2024-12-02 00:51:36,23.2547,77.4029,No changes detected
2024-12-02 00:51:36,23.2547,77.4029,No changes detected
2024-12-02 00:51:36,23.2547,77.4029,No changes detected
2024-12-02 00:51:36,23.2547,77.4029,No changes detected
2024-12-02 00:51:37,23.2547,77.4029,No changes detected
2024-12-02 00:51:37,23.2547,77.4029,No changes detected
2024-12-02 00:51:37,23.2547,77.4029,No changes detected
2024-12-02 00:51:37,23.2547,77.4029,No changes detected
2024-12-02 00:51:37,23.2547,77.4029,No changes detected
2024-12-02 00:51:37,23.2547,77.4029,No changes detected
2024-12-02 00:51:37,23.2547,77.4029,No changes detected
2024-12-02 00:51:37,23.2547,77.4029,No changes detected
2024-12-02 00:51:37,23.2547,77.4029,No changes detected
2024-12-02 00:51:37,23.2547,77.4029,No changes detected
2024-12-02 00:51:37,23.2547,77.4029,No changes detected
2024-12-02 00:51:37,23.2547,77.4029,No changes detected
2024-12-02 00:51:37,23.2547,77.4029,No changes detected
2024-12-02 00:51:37,23.2547,77.4029,No changes detected
2024-12-02 00:51:37,23.2547,77.4029,No changes detected
2024-12-02 00:51:37,23.2547,77.4029,No changes detected
2024-12-02 00:51:37,23.2547,77.4029,No changes detected
2024-12-02 00:51:37,23.2547,77.4029,No changes detected
2024-12-02 00:51:37,23.2547,77.4029,No changes detected
2024-12-02 00:51:37,23.2547,77.4029,No changes detected
2024-12-02 00:51:37,23.2547,77.4029,No changes detected
2024-12-02 00:51:37,23.2547,77.4029,No changes detected
2024-12-02 00:51:37,23.2547,77.4029,No changes detected
2024-12-02 00:51:37,23.2547,77.4029,No changes detected
2024-12-02 00:51:37,23.2547,77.4029,No changes detected
2024-12-02 00:51:37,23.2547,77.4029,No changes detected
2024-12-02 00:51:37,23.2547,77.4029,No changes detected
2024-12-02 00:51:37,23.2547,77.4029,No changes detected
2024-12-02 00:51:37,23.2547,77.4029,No changes detected
2024-12-02 00:51:37,23.2547,77.4029,No changes detected
2024-12-02 00:51:38,23.2547,77.4029,No changes detected
2024-12-02 00:51:38,23.2547,77.4029,No changes detected
2024-12-02 00:51:38,23.2547,77.4029,No changes detected
2024-12-02 00:51:38,23.2547,77.4029,No changes detected
2024-12-02 00:51:38,23.2547,77.4029,No changes detected
2024-12-02 00:51:38,23.2547,77.4029,No changes detected
2024-12-02 00:51:38,23.2547,77.4029,No changes detected
2024-12-02 00:51:38,23.2547,77.4029,No changes detected
2024-12-02 00:51:38,23.2547,77.4029,No changes detected
2024-12-02 00:51:38,23.2547,77.4029,No changes detected
2024-12-02 00:51:38,23.2547,77.4029,No changes detected
2024-12-02 00:51:38,23.2547,77.4029,No changes detected
2024-12-02 00:51:38,23.2547,77.4029,No changes detected
2024-12-02 00:51:38,23.2547,77.4029,No changes detected
2024-12-02 00:51:38,23.2547,77.4029,No changes detected
2024-12-02 00:51:38,23.2547,77.4029,No changes detected
2024-12-02 00:51:38,23.2547,77.4029,No changes detected
2024-12-02 00:51:38,23.2547,77.4029,No changes detected
2024-12-02 00:51:38,23.2547,77.4029,No changes detected
2024-12-02 00:51:38,23.2547,77.4029,No changes detected
2024-12-02 00:51:38,23.2547,77.4029,No changes detected
2024-12-02 00:51:38,23.2547,77.4029,No changes detected
2024-12-02 00:51:38,23.2547,77.4029,No changes detected
2024-12-02 00:51:38,23.2547,77.4029,No changes detected
2024-12-02 00:51:38,23.2547,77.4029,No changes detected
2024-12-02 00:51:38,23.2547,77.4029,No changes detected
2024-12-02 00:51:38,23.2547,77.4029,No changes detected
2024-12-02 00:51:38,23.2547,77.4029,No changes detected
2024-12-02 00:51:38,23.2547,77.4029,No changes detected
2024-12-02 00:51:38,23.2547,77.4029,No changes detected
2024-12-02 00:51:39,23.2547,77.4029,No changes detected
2024-12-02 00:51:39,23.2547,77.4029,No changes detected
2024-12-02 00:51:39,23.2547,77.4029,No changes detected
2024-12-02 00:51:39,23.2547,77.4029,No changes detected
2024-12-02 00:51:39,23.2547,77.4029,No changes detected
2024-12-02 00:51:39,23.2547,77.4029,No changes detected
2024-12-02 00:51:39,23.2547,77.4029,No changes detected
2024-12-02 00:51:39,23.2547,77.4029,No changes detected
2024-12-02 00:51:39,23.2547,77.4029,No changes detected
2024-12-02 00:51:39,23.2547,77.4029,No changes detected
2024-12-02 00:51:39,23.2547,77.4029,No changes detected
2024-12-02 00:51:39,23.2547,77.4029,No changes detected
2024-12-02 00:51:39,23.2547,77.4029,No changes detected
2024-12-02 00:51:39,23.2547,77.4029,No changes detected
2024-12-02 00:51:39,23.2547,77.4029,No changes detected
2024-12-02 00:51:39,23.2547,77.4029,No changes detected
2024-12-02 00:51:39,23.2547,77.4029,No changes detected
2024-12-02 00:51:39,23.2547,77.4029,No changes detected
2024-12-02 00:51:39,23.2547,77.4029,No changes detected
2024-12-02 00:51:39,23.2547,77.4029,No changes detected
2024-12-02 00:51:39,23.2547,77.4029,No changes detected
2024-12-02 00:51:39,23.2547,77.4029,No changes detected
2024-12-02 00:51:39,23.2547,77.4029,No changes detected
2024-12-02 00:51:39,23.2547,77.4029,No changes detected
2024-12-02 00:51:39,23.2547,77.4029,No changes detected
2024-12-02 00:51:39,23.2547,77.4029,No changes detected
2024-12-02 00:51:39,23.2547,77.4029,No changes detected
2024-12-02 00:51:39,23.2547,77.4029,No changes detected
2024-12-02 00:51:39,23.2547,77.4029,No changes detected
2024-12-02 00:51:39,23.2547,77.4029,No changes detected
2024-12-02 00:51:40,23.2547,77.4029,No changes detected
2024-12-02 00:51:40,23.2547,77.4029,No changes detected
2024-12-02 00:51:40,23.2547,77.4029,No changes detected
2024-12-02 00:51:40,23.2547,77.4029,No changes detected
2024-12-02 00:51:40,23.2547,77.4029,No changes detected
2024-12-02 00:51:40,23.2547,77.4029,No changes detected
2024-12-02 00:51:40,23.2547,77.4029,No changes detected
2024-12-02 00:51:40,23.2547,77.4029,No changes detected
2024-12-02 00:51:40,23.2547,77.4029,No changes detected
2024-12-02 00:51:40,23.2547,77.4029,No changes detected
2024-12-02 00:51:40,23.2547,77.4029,No changes detected
2024-12-02 00:51:40,23.2547,77.4029,No changes detected
2024-12-02 00:51:40,23.2547,77.4029,No changes detected
2024-12-02 00:51:40,23.2547,77.4029,No changes detected
2024-12-02 00:51:40,23.2547,77.4029,No changes detected
2024-12-02 00:51:40,23.2547,77.4029,No changes detected
2024-12-02 00:51:40,23.2547,77.4029,No changes detected
2024-12-02 00:51:40,23.2547,77.4029,No changes detected
2024-12-02 00:51:40,23.2547,77.4029,No changes detected
2024-12-02 00:51:40,23.2547,77.4029,No changes detected
2024-12-02 00:51:40,23.2547,77.4029,No changes detected
2024-12-02 00:51:40,23.2547,77.4029,No changes detected
2024-12-02 00:51:40,23.2547,77.4029,No changes detected
2024-12-02 00:51:40,23.2547,77.4029,No changes detected
2024-12-02 00:51:40,23.2547,77.4029,No changes detected
2024-12-02 00:51:40,23.2547,77.4029,No changes detected
2024-12-02 00:51:40,23.2547,77.4029,No changes detected
2024-12-02 00:51:40,23.2547,77.4029,No changes detected
2024-12-02 00:51:40,23.2547,77.4029,No changes detected
2024-12-02 00:51:40,23.2547,77.4029,No changes detected
2024-12-02 00:51:41,23.2547,77.4029,No changes detected
2024-12-02 00:51:41,23.2547,77.4029,No changes detected
2024-12-02 00:51:41,23.2547,77.4029,No changes detected
2024-12-02 00:51:41,23.2547,77.4029,No changes detected
2024-12-02 00:51:41,23.2547,77.4029,No changes detected
2024-12-02 00:51:41,23.2547,77.4029,No changes detected
2024-12-02 00:51:41,23.2547,77.4029,No changes detected
2024-12-02 00:51:41,23.2547,77.4029,No changes detected
2024-12-02 00:51:41,23.2547,77.4029,No changes detected
2024-12-02 00:51:41,23.2547,77.4029,No changes detected
2024-12-02 00:51:41,23.2547,77.4029,No changes detected
2024-12-02 00:51:41,23.2547,77.4029,No changes detected
2024-12-02 00:51:41,23.2547,77.4029,No changes detected
2024-12-02 00:51:41,23.2547,77.4029,No changes detected
2024-12-02 00:51:41,23.2547,77.4029,No changes detected
2024-12-02 00:51:41,23.2547,77.4029,No changes detected
2024-12-02 00:51:41,23.2547,77.4029,No changes detected
2024-12-02 00:51:41,23.2547,77.4029,No changes detected
2024-12-02 00:51:41,23.2547,77.4029,No changes detected
2024-12-02 00:51:41,23.2547,77.4029,No changes detected
2024-12-02 00:51:41,23.2547,77.4029,No changes detected
2024-12-02 00:51:41,23.2547,77.4029,No changes detected
2024-12-02 00:51:41,23.2547,77.4029,No changes detected
2024-12-02 00:51:41,23.2547,77.4029,No changes detected
2024-12-02 00:51:41,23.2547,77.4029,No changes detected
2024-12-02 00:51:41,23.2547,77.4029,No changes detected
2024-12-02 00:51:41,23.2547,77.4029,No changes detected
2024-12-02 00:51:41,23.2547,77.4029,No changes detected
2024-12-02 00:51:41,23.2547,77.4029,No changes detected
2024-12-02 00:51:41,23.2547,77.4029,No changes detected
2024-12-02 00:51:42,23.2547,77.4029,No changes detected
2024-12-02 00:51:42,23.2547,77.4029,No changes detected
2024-12-02 00:51:42,23.2547,77.4029,No changes detected
2024-12-02 00:51:42,23.2547,77.4029,No changes detected
2024-12-02 00:51:42,23.2547,77.4029,No changes detected
2024-12-02 00:51:42,23.2547,77.4029,No changes detected
2024-12-02 00:51:42,23.2547,77.4029,No changes detected
2024-12-02 00:51:42,23.2547,77.4029,No changes detected
2024-12-02 00:51:42,23.2547,77.4029,No changes detected
2024-12-02 00:51:42,23.2547,77.4029,No changes detected
2024-12-02 00:51:42,23.2547,77.4029,No changes detected
2024-12-02 00:51:42,23.2547,77.4029,No changes detected
2024-12-02 00:51:42,23.2547,77.4029,No changes detected
2024-12-02 00:51:42,23.2547,77.4029,No changes detected
2024-12-02 00:51:42,23.2547,77.4029,No changes detected
2024-12-02 00:51:42,23.2547,77.4029,No changes detected
2024-12-02 00:51:42,23.2547,77.4029,No changes detected
2024-12-02 00:51:42,23.2547,77.4029,No changes detected
2024-12-02 00:51:42,23.2547,77.4029,No changes detected
2024-12-02 00:51:42,23.2547,77.4029,No changes detected
2024-12-02 00:51:42,23.2547,77.4029,No changes detected
2024-12-02 00:51:42,23.2547,77.4029,No changes detected
2024-12-02 00:51:42,23.2547,77.4029,No changes detected
2024-12-02 00:51:42,23.2547,77.4029,No changes detected
2024-12-02 00:51:42,23.2547,77.4029,No changes detected
2024-12-02 00:51:42,23.2547,77.4029,No changes detected
2024-12-02 00:51:42,23.2547,77.4029,No changes detected
2024-12-02 00:51:42,23.2547,77.4029,No changes detected
2024-12-02 00:51:42,23.2547,77.4029,No changes detected
2024-12-02 00:51:42,23.2547,77.4029,No changes detected
2024-12-02 00:51:43,23.2547,77.4029,No changes detected
2024-12-02 00:51:43,23.2547,77.4029,No changes detected
2024-12-02 00:51:43,23.2547,77.4029,No changes detected
2024-12-02 00:51:43,23.2547,77.4029,No changes detected
2024-12-02 00:51:43,23.2547,77.4029,No changes detected
2024-12-02 00:51:43,23.2547,77.4029,No changes detected
2024-12-02 00:51:43,23.2547,77.4029,No changes detected
2024-12-02 00:51:43,23.2547,77.4029,No changes detected
2024-12-02 00:51:43,23.2547,77.4029,No changes detected
2024-12-02 00:51:43,23.2547,77.4029,No changes detected
2024-12-02 00:51:43,23.2547,77.4029,No changes detected
2024-12-02 00:51:43,23.2547,77.4029,No changes detected
2024-12-02 00:51:43,23.2547,77.4029,No changes detected
2024-12-02 00:51:43,23.2547,77.4029,No changes detected
2024-12-02 00:51:43,23.2547,77.4029,No changes detected
2024-12-02 00:51:43,23.2547,77.4029,No changes detected
2024-12-02 00:51:43,23.2547,77.4029,No changes detected
2024-12-02 00:51:43,23.2547,77.4029,No changes detected
2024-12-02 00:51:43,23.2547,77.4029,No changes detected
2024-12-02 00:51:43,23.2547,77.4029,No changes detected
2024-12-02 00:51:43,23.2547,77.4029,No changes detected
2024-12-02 00:51:43,23.2547,77.4029,No changes detected
2024-12-02 00:51:43,23.2547,77.4029,No changes detected
2024-12-02 00:51:43,23.2547,77.4029,No changes detected
2024-12-02 00:51:43,23.2547,77.4029,No changes detected
2024-12-02 00:51:43,23.2547,77.4029,No changes detected
2024-12-02 00:51:43,23.2547,77.4029,No changes detected
2024-12-02 00:51:43,23.2547,77.4029,No changes detected
2024-12-02 00:51:43,23.2547,77.4029,No changes detected
2024-12-02 00:51:43,23.2547,77.4029,No changes detected
2024-12-02 00:51:44,23.2547,77.4029,No changes detected
2024-12-02 00:51:44,23.2547,77.4029,No changes detected
2024-12-02 00:51:44,23.2547,77.4029,No changes detected
2024-12-02 00:51:44,23.2547,77.4029,No changes detected
2024-12-02 00:51:44,23.2547,77.4029,No changes detected
2024-12-02 00:51:44,23.2547,77.4029,No changes detected
2024-12-02 00:51:44,23.2547,77.4029,No changes detected
2024-12-02 00:51:44,23.2547,77.4029,No changes detected
2024-12-02 00:51:44,23.2547,77.4029,No changes detected
2024-12-02 00:51:44,23.2547,77.4029,No changes detected
2024-12-02 00:51:44,23.2547,77.4029,No changes detected
2024-12-02 00:51:44,23.2547,77.4029,No changes detected
2024-12-02 00:51:44,23.2547,77.4029,No changes detected
2024-12-02 00:51:44,23.2547,77.4029,No changes detected
2024-12-02 00:51:44,23.2547,77.4029,No changes detected
2024-12-02 00:51:44,23.2547,77.4029,No changes detected
2024-12-02 00:51:44,23.2547,77.4029,No changes detected
2024-12-02 00:51:44,23.2547,77.4029,No changes detected
2024-12-02 00:51:44,23.2547,77.4029,No changes detected
2024-12-02 00:51:44,23.2547,77.4029,No changes detected
2024-12-02 00:51:44,23.2547,77.4029,No changes detected
2024-12-02 00:51:44,23.2547,77.4029,No changes detected
2024-12-02 00:51:44,23.2547,77.4029,No changes detected
2024-12-02 00:51:44,23.2547,77.4029,No changes detected
2024-12-02 00:51:44,23.2547,77.4029,No changes detected
2024-12-02 00:51:44,23.2547,77.4029,No changes detected
2024-12-02 00:51:44,23.2547,77.4029,No changes detected
2024-12-02 00:51:44,23.2547,77.4029,No changes detected
2024-12-02 00:51:44,23.2547,77.4029,No changes detected
2024-12-02 00:51:44,23.2547,77.4029,No changes detected
2024-12-02 00:51:45,23.2547,77.4029,No changes detected
2024-12-02 00:51:45,23.2547,77.4029,No changes detected
2024-12-02 00:51:45,23.2547,77.4029,No changes detected
2024-12-02 00:51:45,23.2547,77.4029,No changes detected
2024-12-02 00:51:45,23.2547,77.4029,No changes detected
2024-12-02 00:51:45,23.2547,77.4029,No changes detected
2024-12-02 00:51:45,23.2547,77.4029,No changes detected
2024-12-02 00:51:45,23.2547,77.4029,No changes detected
2024-12-02 00:51:45,23.2547,77.4029,No changes detected
2024-12-02 00:51:45,23.2547,77.4029,No changes detected
2024-12-02 00:51:45,23.2547,77.4029,No changes detected
2024-12-02 00:51:45,23.2547,77.4029,No changes detected
2024-12-02 00:51:45,23.2547,77.4029,No changes detected
2024-12-02 00:51:45,23.2547,77.4029,No changes detected
2024-12-02 00:51:45,23.2547,77.4029,No changes detected
2024-12-02 00:51:45,23.2547,77.4029,No changes detected
2024-12-02 00:51:45,23.2547,77.4029,No changes detected
2024-12-02 00:51:45,23.2547,77.4029,No changes detected
2024-12-02 00:51:45,23.2547,77.4029,No changes detected
2024-12-02 00:51:45,23.2547,77.4029,No changes detected
2024-12-02 00:51:45,23.2547,77.4029,No changes detected
2024-12-02 00:51:45,23.2547,77.4029,No changes detected
2024-12-02 00:51:45,23.2547,77.4029,No changes detected
2024-12-02 00:51:45,23.2547,77.4029,No changes detected
2024-12-02 00:51:45,23.2547,77.4029,No changes detected
2024-12-02 00:51:45,23.2547,77.4029,No changes detected
2024-12-02 00:51:45,23.2547,77.4029,No changes detected
2024-12-02 00:51:45,23.2547,77.4029,No changes detected
2024-12-02 00:51:45,23.2547,77.4029,No changes detected
2024-12-02 00:51:45,23.2547,77.4029,No changes detected
2024-12-02 00:51:46,23.2547,77.4029,No changes detected
2024-12-02 00:51:46,23.2547,77.4029,No changes detected
2024-12-02 00:51:46,23.2547,77.4029,No changes detected
2024-12-02 00:51:46,23.2547,77.4029,No changes detected
2024-12-02 00:51:46,23.2547,77.4029,No changes detected
2024-12-02 00:51:46,23.2547,77.4029,No changes detected
2024-12-02 00:51:46,23.2547,77.4029,No changes detected
2024-12-02 00:51:46,23.2547,77.4029,No changes detected
2024-12-02 00:51:46,23.2547,77.4029,No changes detected
2024-12-02 00:51:46,23.2547,77.4029,No changes detected
2024-12-02 00:51:46,23.2547,77.4029,No changes detected
2024-12-02 00:51:46,23.2547,77.4029,No changes detected
2024-12-02 00:51:46,23.2547,77.4029,No changes detected
2024-12-02 00:51:46,23.2547,77.4029,No changes detected
2024-12-02 00:51:46,23.2547,77.4029,No changes detected
2024-12-02 00:51:46,23.2547,77.4029,No changes detected
2024-12-02 00:51:46,23.2547,77.4029,No changes detected
2024-12-02 00:51:46,23.2547,77.4029,No changes detected
2024-12-02 00:51:46,23.2547,77.4029,No changes detected
2024-12-02 00:51:46,23.2547,77.4029,No changes detected
2024-12-02 00:51:46,23.2547,77.4029,No changes detected
2024-12-02 00:51:46,23.2547,77.4029,No changes detected
2024-12-02 00:51:46,23.2547,77.4029,No changes detected
2024-12-02 00:51:46,23.2547,77.4029,No changes detected
2024-12-02 00:51:46,23.2547,77.4029,No changes detected
2024-12-02 00:51:46,23.2547,77.4029,No changes detected
2024-12-02 00:51:46,23.2547,77.4029,No changes detected
2024-12-02 00:51:46,23.2547,77.4029,No changes detected
2024-12-02 00:51:46,23.2547,77.4029,No changes detected
2024-12-02 00:51:46,23.2547,77.4029,No changes detected
2024-12-02 00:51:47,23.2547,77.4029,No changes detected
2024-12-02 00:51:47,23.2547,77.4029,No changes detected
2024-12-02 00:51:47,23.2547,77.4029,No changes detected
2024-12-02 00:51:47,23.2547,77.4029,No changes detected
2024-12-02 00:51:47,23.2547,77.4029,No changes detected
2024-12-02 00:51:47,23.2547,77.4029,No changes detected
2024-12-02 00:51:47,23.2547,77.4029,No changes detected
2024-12-02 00:51:47,23.2547,77.4029,No changes detected
2024-12-02 00:51:47,23.2547,77.4029,No changes detected
2024-12-02 00:51:47,23.2547,77.4029,No changes detected
2024-12-02 00:51:47,23.2547,77.4029,No changes detected
2024-12-02 00:51:47,23.2547,77.4029,No changes detected
2024-12-02 00:51:47,23.2547,77.4029,No changes detected
2024-12-02 00:51:47,23.2547,77.4029,No changes detected
2024-12-02 00:51:47,23.2547,77.4029,No changes detected
2024-12-02 00:51:47,23.2547,77.4029,No changes detected
2024-12-02 00:51:47,23.2547,77.4029,No changes detected
2024-12-02 00:51:47,23.2547,77.4029,No changes detected
2024-12-02 00:51:47,23.2547,77.4029,No changes detected
2024-12-02 00:51:47,23.2547,77.4029,No changes detected
2024-12-02 00:51:47,23.2547,77.4029,No changes detected
2024-12-02 00:51:47,23.2547,77.4029,No changes detected
2024-12-02 00:51:47,23.2547,77.4029,No changes detected
2024-12-02 00:51:47,23.2547,77.4029,No changes detected
2024-12-02 00:51:47,23.2547,77.4029,No changes detected
2024-12-02 00:51:47,23.2547,77.4029,No changes detected
2024-12-02 00:51:47,23.2547,77.4029,No changes detected
2024-12-02 00:51:47,23.2547,77.4029,No changes detected
2024-12-02 00:51:48,23.2547,77.4029,No changes detected
2024-12-02 00:51:48,23.2547,77.4029,No changes detected
2024-12-02 00:51:48,23.2547,77.4029,No changes detected
2024-12-02 00:51:48,23.2547,77.4029,No changes detected
2024-12-02 00:51:48,23.2547,77.4029,No changes detected
2024-12-02 00:51:48,23.2547,77.4029,No changes detected
2024-12-02 00:51:48,23.2547,77.4029,No changes detected
2024-12-02 00:51:48,23.2547,77.4029,No changes detected
2024-12-02 00:51:48,23.2547,77.4029,No changes detected
2024-12-02 00:51:48,23.2547,77.4029,No changes detected
2024-12-02 00:51:48,23.2547,77.4029,No changes detected
2024-12-02 00:51:48,23.2547,77.4029,No changes detected
2024-12-02 00:51:48,23.2547,77.4029,No changes detected
2024-12-02 00:51:48,23.2547,77.4029,No changes detected
2024-12-02 00:51:48,23.2547,77.4029,No changes detected
2024-12-02 00:51:48,23.2547,77.4029,No changes detected
2024-12-02 00:51:48,23.2547,77.4029,No changes detected
2024-12-02 00:51:48,23.2547,77.4029,No changes detected
2024-12-02 00:51:48,23.2547,77.4029,No changes detected
2024-12-02 00:51:48,23.2547,77.4029,No changes detected
2024-12-02 00:51:48,23.2547,77.4029,No changes detected
2024-12-02 00:51:48,23.2547,77.4029,No changes detected
2024-12-02 00:51:48,23.2547,77.4029,No changes detected
2024-12-02 00:51:48,23.2547,77.4029,No changes detected
2024-12-02 00:51:48,23.2547,77.4029,No changes detected
2024-12-02 00:51:48,23.2547,77.4029,No changes detected
2024-12-02 00:51:48,23.2547,77.4029,No changes detected
2024-12-02 00:51:48,23.2547,77.4029,No changes detected
2024-12-02 00:51:48,23.2547,77.4029,No changes detected
2024-12-02 00:51:48,23.2547,77.4029,No changes detected
2024-12-02 00:51:49,23.2547,77.4029,No changes detected
2024-12-02 00:51:49,23.2547,77.4029,No changes detected
2024-12-02 00:51:49,23.2547,77.4029,No changes detected
2024-12-02 00:51:49,23.2547,77.4029,No changes detected
2024-12-02 00:51:49,23.2547,77.4029,No changes detected
2024-12-02 00:51:49,23.2547,77.4029,No changes detected
2024-12-02 00:51:49,23.2547,77.4029,No changes detected
2024-12-02 00:51:49,23.2547,77.4029,No changes detected
2024-12-02 00:51:49,23.2547,77.4029,No changes detected
2024-12-02 00:51:49,23.2547,77.4029,No changes detected
2024-12-02 00:51:49,23.2547,77.4029,No changes detected
2024-12-02 00:51:49,23.2547,77.4029,No changes detected
2024-12-02 00:51:49,23.2547,77.4029,No changes detected
2024-12-02 00:51:49,23.2547,77.4029,No changes detected
2024-12-02 00:51:49,23.2547,77.4029,No changes detected
2024-12-02 00:51:49,23.2547,77.4029,No changes detected
2024-12-02 00:51:49,23.2547,77.4029,No changes detected
2024-12-02 00:51:49,23.2547,77.4029,No changes detected
2024-12-02 00:51:49,23.2547,77.4029,No changes detected
2024-12-02 00:51:49,23.2547,77.4029,No changes detected
2024-12-02 00:51:49,23.2547,77.4029,No changes detected
2024-12-02 00:51:49,23.2547,77.4029,No changes detected
2024-12-02 00:51:49,23.2547,77.4029,No changes detected
2024-12-02 00:51:49,23.2547,77.4029,No changes detected
2024-12-02 00:51:49,23.2547,77.4029,No changes detected
2024-12-02 00:51:49,23.2547,77.4029,No changes detected
2024-12-02 00:51:49,23.2547,77.4029,No changes detected
2024-12-02 00:51:49,23.2547,77.4029,No changes detected
2024-12-02 00:51:50,23.2547,77.4029,No changes detected
2024-12-02 00:51:50,23.2547,77.4029,No changes detected
2024-12-02 00:51:50,23.2547,77.4029,No changes detected
2024-12-02 00:51:50,23.2547,77.4029,No changes detected
2024-12-02 00:51:50,23.2547,77.4029,No changes detected
2024-12-02 00:51:50,23.2547,77.4029,No changes detected
2024-12-02 00:51:50,23.2547,77.4029,No changes detected
2024-12-02 00:51:50,23.2547,77.4029,No changes detected
2024-12-02 00:51:50,23.2547,77.4029,No changes detected
2024-12-02 00:51:50,23.2547,77.4029,No changes detected
2024-12-02 00:51:50,23.2547,77.4029,No changes detected
2024-12-02 00:51:50,23.2547,77.4029,No changes detected
2024-12-02 00:51:50,23.2547,77.4029,No changes detected
2024-12-02 00:51:50,23.2547,77.4029,No changes detected
2024-12-02 00:51:50,23.2547,77.4029,No changes detected
2024-12-02 00:51:50,23.2547,77.4029,No changes detected
2024-12-02 00:51:50,23.2547,77.4029,No changes detected
2024-12-02 00:51:50,23.2547,77.4029,No changes detected
2024-12-02 00:51:50,23.2547,77.4029,No changes detected
2024-12-02 00:51:50,23.2547,77.4029,No changes detected
2024-12-02 00:51:50,23.2547,77.4029,No changes detected
2024-12-02 00:51:50,23.2547,77.4029,No changes detected
2024-12-02 00:51:50,23.2547,77.4029,No changes detected
2024-12-02 00:51:50,23.2547,77.4029,No changes detected
2024-12-02 00:51:50,23.2547,77.4029,No changes detected
2024-12-02 00:51:50,23.2547,77.4029,No changes detected
2024-12-02 00:51:50,23.2547,77.4029,No changes detected
2024-12-02 00:51:51,23.2547,77.4029,No changes detected
2024-12-02 00:51:51,23.2547,77.4029,No changes detected
2024-12-02 00:51:51,23.2547,77.4029,No changes detected
2024-12-02 00:51:51,23.2547,77.4029,No changes detected
2024-12-02 00:51:51,23.2547,77.4029,No changes detected
2024-12-02 00:51:51,23.2547,77.4029,No changes detected
2024-12-02 00:51:51,23.2547,77.4029,No changes detected
2024-12-02 00:51:51,23.2547,77.4029,No changes detected
2024-12-02 00:51:51,23.2547,77.4029,No changes detected
2024-12-02 00:51:51,23.2547,77.4029,No changes detected
2024-12-02 00:51:51,23.2547,77.4029,No changes detected
2024-12-02 00:51:51,23.2547,77.4029,No changes detected
2024-12-02 00:51:51,23.2547,77.4029,No changes detected
2024-12-02 00:51:51,23.2547,77.4029,No changes detected
2024-12-02 00:51:51,23.2547,77.4029,No changes detected
2024-12-02 00:51:51,23.2547,77.4029,No changes detected
2024-12-02 00:51:51,23.2547,77.4029,No changes detected
2024-12-02 00:51:51,23.2547,77.4029,No changes detected
2024-12-02 00:51:51,23.2547,77.4029,No changes detected
2024-12-02 00:51:51,23.2547,77.4029,No changes detected
2024-12-02 00:51:51,23.2547,77.4029,No changes detected
2024-12-02 00:51:51,23.2547,77.4029,No changes detected
2024-12-02 00:51:51,23.2547,77.4029,No changes detected
2024-12-02 00:51:51,23.2547,77.4029,No changes detected
2024-12-02 00:51:51,23.2547,77.4029,No changes detected
2024-12-02 00:51:51,23.2547,77.4029,No changes detected
2024-12-02 00:51:51,23.2547,77.4029,No changes detected
2024-12-02 00:51:51,23.2547,77.4029,No changes detected
2024-12-02 00:51:51,23.2547,77.4029,No changes detected
2024-12-02 00:51:52,23.2547,77.4029,No changes detected
2024-12-02 00:51:52,23.2547,77.4029,No changes detected
2024-12-02 00:51:52,23.2547,77.4029,No changes detected
2024-12-02 00:51:52,23.2547,77.4029,No changes detected
2024-12-02 00:51:52,23.2547,77.4029,No changes detected
2024-12-02 00:51:52,23.2547,77.4029,No changes detected
2024-12-02 00:51:52,23.2547,77.4029,No changes detected
2024-12-02 00:51:52,23.2547,77.4029,No changes detected
2024-12-02 00:51:52,23.2547,77.4029,No changes detected
2024-12-02 00:51:52,23.2547,77.4029,No changes detected
2024-12-02 00:51:52,23.2547,77.4029,No changes detected
2024-12-02 00:51:52,23.2547,77.4029,No changes detected
2024-12-02 00:51:52,23.2547,77.4029,No changes detected
2024-12-02 00:51:52,23.2547,77.4029,No changes detected
2024-12-02 00:51:52,23.2547,77.4029,No changes detected
2024-12-02 00:51:52,23.2547,77.4029,No changes detected
2024-12-02 00:51:52,23.2547,77.4029,No changes detected
2024-12-02 00:51:52,23.2547,77.4029,No changes detected
2024-12-02 00:51:52,23.2547,77.4029,No changes detected
2024-12-02 00:51:52,23.2547,77.4029,No changes detected
2024-12-02 00:51:52,23.2547,77.4029,No changes detected
2024-12-02 00:51:52,23.2547,77.4029,No changes detected
2024-12-02 00:51:52,23.2547,77.4029,No changes detected
2024-12-02 00:51:52,23.2547,77.4029,No changes detected
2024-12-02 00:51:52,23.2547,77.4029,No changes detected
2024-12-02 00:51:52,23.2547,77.4029,No changes detected
2024-12-02 00:51:52,23.2547,77.4029,No changes detected
2024-12-02 00:51:53,23.2547,77.4029,No changes detected
2024-12-02 00:51:53,23.2547,77.4029,No changes detected
2024-12-02 00:51:53,23.2547,77.4029,No changes detected
2024-12-02 00:51:53,23.2547,77.4029,No changes detected
2024-12-02 00:51:53,23.2547,77.4029,No changes detected
2024-12-02 00:51:53,23.2547,77.4029,No changes detected
2024-12-02 00:51:53,23.2547,77.4029,No changes detected
2024-12-02 00:51:53,23.2547,77.4029,No changes detected
2024-12-02 00:51:53,23.2547,77.4029,No changes detected
2024-12-02 00:51:53,23.2547,77.4029,No changes detected
2024-12-02 00:51:53,23.2547,77.4029,No changes detected
2024-12-02 00:51:53,23.2547,77.4029,No changes detected
2024-12-02 00:51:53,23.2547,77.4029,No changes detected
2024-12-02 00:51:53,23.2547,77.4029,No changes detected
2024-12-02 00:51:53,23.2547,77.4029,No changes detected
2024-12-02 00:51:53,23.2547,77.4029,No changes detected
2024-12-02 00:51:53,23.2547,77.4029,No changes detected
2024-12-02 00:51:53,23.2547,77.4029,No changes detected
2024-12-02 00:51:53,23.2547,77.4029,No changes detected
2024-12-02 00:51:53,23.2547,77.4029,No changes detected
2024-12-02 00:51:53,23.2547,77.4029,No changes detected
